latitude,longitude,acq_date,confidence,frp,brightness,is_eastern
46.18055993378162,-121.87989685754042,2015-11-01,nominal,56.721075517538935,313.8626142681536,False
47.41497727792912,-117.31083555016937,1993-08-25,high,44.91897265033307,315.71864164458333,True
48.560392592132374,-119.04528804143555,2010-09-19,high,8.0295886352191,311.49115226371003,True
48.073498106977084,-120.1026382203175,2006-06-22,nominal,9.442301696177863,302.24203844700037,True
48.33070157160061,-123.61277218129148,1999-01-05,high,105.50297614735553,314.2860813168935,False
47.81939044881908,-123.61296345373391,2013-03-02,high,40.86214038285686,322.24596996442466,False
47.93527691323177,-124.38939695550617,1991-09-24,nominal,101.98713671762371,320.1505462635233,False
48.478216954416006,-117.98122316400476,1992-06-24,high,23.224662869068595,297.55757873060713,True
46.40385131065278,-120.08315795687635,2024-08-16,nominal,47.647736775892604,317.51925363309084,True
47.23341037420526,-119.23498445807736,2003-08-12,high,37.08152827528092,306.0723047414283,True
46.30538466869582,-124.68676496023429,1995-07-08,high,19.218716264126957,328.92164005221383,False
48.9573313076684,-117.15861487235539,1996-06-13,high,31.735930488721,318.2626978292838,True
48.806445315315685,-118.24872985845266,2002-09-02,nominal,34.90706922576559,323.9628396013061,True
45.67641676733503,-123.16615085232127,1990-07-24,high,11.205386721762373,315.2116814441486,False
47.98129009690428,-123.40812801004769,1991-08-05,nominal,18.917579149518392,314.33945001102524,False
48.74135917825821,-123.39560223686226,2005-07-16,nominal,78.36917400554427,329.95844917653244,False
46.16479069414057,-122.43735901333086,2014-09-24,high,123.72103467729349,324.72774396625016,False
47.5050904977121,-120.68868149715635,1998-07-11,nominal,22.298271276828686,316.1785865224755,True
48.707589509654625,-121.42467600216801,2017-02-19,high,18.33426418898507,313.003335738626,False
45.657453085906866,-122.54055291822952,1997-03-28,nominal,10.857897824829967,297.9282527446913,False
47.95307412467407,-119.99800654485153,2011-12-14,nominal,56.736513323834984,318.2456753487414,True
46.568827565509025,-123.74381368502931,1996-04-16,high,19.51156433662318,313.7389603068029,False
48.73841083600279,-122.53329293711572,1992-05-24,high,220.1095859071573,320.5395604708228,False
48.89986152827217,-121.94475058268102,2005-03-23,high,19.70288123305902,323.5781884153479,False
48.80716205233248,-121.2333650251589,1991-11-21,high,25.054990887896995,327.3292109504725,False
47.18078118963482,-118.6235546261534,2025-06-23,nominal,46.233057843574755,318.36992910894406,True
48.522667572423025,-123.2665869074842,2021-01-11,nominal,80.89475196437736,304.536395348718,False
48.46214091893134,-120.77212090338006,2023-06-24,nominal,31.698525299374445,293.50686449081866,True
46.64408763742166,-120.152152468924,1991-11-03,high,27.46585307363966,306.75300139643207,True
48.40804754056134,-124.4816482271304,2011-09-15,nominal,271.7393231550718,328.3348849950507,False
45.6680464161156,-120.03216932442159,1992-09-06,high,0.5274543811787848,333.2349146929944,True
47.603093779547905,-123.49774369915977,2005-04-23,nominal,112.72084604024097,312.6209924823082,False
46.33583057701545,-124.33414086762673,2022-08-19,high,8.075432349648771,300.3904074571765,False
45.95716142478938,-117.32533768958106,2010-09-08,nominal,77.07150741571913,308.5158642499716,True
45.80625807763706,-117.19253797771874,1990-09-21,nominal,48.107776185862825,326.37805822697874,True
47.949159164538365,-118.43940902943646,2024-06-25,high,20.915914283830475,309.0898682647289,True
46.71596737463751,-122.43441281045517,2022-08-30,nominal,103.52407238252472,320.89123947667514,False
48.047693029489515,-124.07546013592938,1996-12-14,high,0.6495625012789027,316.6855830129804,False
45.766132939164336,-119.42403209975859,2000-11-03,nominal,12.853805954250532,322.1000325903705,True
46.63090456889391,-121.35959072464496,2007-03-18,nominal,41.838499895206105,333.1801099894704,False
47.406639871618665,-123.8822367976809,2004-11-15,high,21.657922159640734,320.8978147553434,False
48.275902150342816,-120.92324710281763,2001-08-31,high,47.128847266267655,316.46916276637927,False
46.64288366014496,-124.57729902755631,1996-06-19,nominal,1.2202801012863904,334.2837356580892,False
47.70558416247205,-117.63908921151526,2006-11-17,nominal,6.190875163962631,318.4955210162506,True
48.60548300889721,-122.79787474591186,2022-06-06,nominal,6.796498500977171,307.070525026684,False
47.670886631110776,-119.59619828507292,1999-07-13,nominal,10.491851719903673,321.87465289769483,True
46.34603978264757,-122.37813116661097,1994-10-20,nominal,30.74744163060525,319.4745554213297,False
45.62442670418562,-120.72586059205996,2013-07-22,nominal,69.74228086453283,311.920976577294,True
48.55054210369722,-120.51458748480779,2018-11-14,high,117.97832561669341,309.8241394753373,True
45.613592161542336,-123.38410416768257,1995-04-23,high,90.20350584806711,312.0174051268509,False
48.566467787487326,-117.16119390182705,2013-06-11,high,10.96304690703398,309.68110642498243,True
47.37012248373415,-118.70319671074637,1992-08-06,nominal,29.093758315319086,312.34240181287106,True
48.78917423685462,-117.39977339339598,2013-06-11,nominal,11.120415943100523,306.5720339775814,True
48.30378999577688,-117.75401911110875,2017-09-19,nominal,15.358321053568607,318.86154688159814,True
48.99285202244535,-120.1086531680281,2015-07-01,high,35.01332126878795,318.1120131395882,True
46.753462881462916,-117.53953731626669,2017-09-15,high,3.5269725228122044,318.4520177722947,True
48.1944714797017,-124.14825445872827,2007-04-06,nominal,12.306174557878633,314.3763066056335,False
46.93068096108798,-123.29585590101617,2010-02-10,nominal,136.96014325308664,313.2233674397494,False
47.200369646251524,-124.49134759893943,2011-07-25,high,31.378862012635743,329.42005797653513,False
47.71116890273556,-122.27013047704732,2014-11-17,high,29.47419255341509,315.67405886837804,False
48.56292281508473,-121.7677890927624,2008-02-29,high,0.7337148766695277,327.6376684605548,False
48.94492880342956,-122.698202178033,1991-08-21,nominal,14.211053236621558,305.03584016833685,False
48.19822601197123,-118.2781115524252,2017-07-12,nominal,100.60501109604508,320.89177834201377,True
46.98547306629897,-122.02094611931983,1996-05-25,nominal,8.993932850763954,307.65296963339983,False
46.997895227878665,-122.62218933817907,2017-01-18,high,26.81785132071104,309.4384807170667,False
48.092034763497566,-120.54642006055509,2019-06-02,high,0.7217292517412185,310.8809416007245,True
46.36616892435833,-123.73247089595013,2010-08-05,nominal,32.536529145139546,310.2540103139622,False
45.92224043143462,-118.48857794262047,1996-09-21,nominal,1.0622598079615886,310.3039534351815,True
46.76699266543709,-124.25881339561941,2009-06-07,high,85.63158138329867,327.17275089890563,False
46.53384691112312,-117.0239865927579,1996-09-25,nominal,87.1067019815263,315.4541117311764,True
46.56522609677773,-118.72609897947751,2005-09-11,high,77.49768251194111,317.2505538920961,True
46.34828281863269,-123.274184645434,2022-06-23,high,16.65936671365103,310.4284003644855,False
45.68564243614181,-124.80620961120982,2024-02-16,nominal,90.77307323528994,323.5693930371811,False
45.60184381417761,-118.38339087235316,2002-08-04,high,39.15339009466845,318.5505627823892,True
48.957519468486666,-119.2446212632884,1994-06-22,nominal,23.40492097490879,311.9107135565026,True
47.02009504272608,-119.06897315743497,2000-09-01,high,49.08547664445083,299.15716107373356,True
46.8697701991725,-118.73382615078044,1997-06-22,high,0.6208914572843951,317.1629645840187,True
47.89157959811802,-124.26282591174866,2019-09-15,nominal,7.713585550939084,320.7567952253546,False
46.29515845201312,-122.00736677264392,1999-12-28,high,67.79670433147544,305.21152161676656,False
48.82686569646778,-123.93115835796571,2022-04-03,nominal,13.99638468986649,312.04605381300837,False
48.26075374987781,-118.00558983280655,1992-06-09,nominal,45.56629352712861,320.37160501460954,True
45.84936206800042,-119.90724585425747,1998-08-04,high,24.314992947626013,299.2907194287823,True
46.98482948421585,-122.2259786629185,2009-02-15,nominal,96.48414881382118,308.5114781659011,False
48.58174934416509,-124.34598228223183,1990-04-08,nominal,152.26220620029244,318.769089416264,False
48.80877279712828,-122.3839101887948,2021-03-26,nominal,107.52098843558497,326.0501843885161,False
47.15720922892455,-122.27129625632789,2024-10-31,nominal,15.778020675267781,336.8577981227117,False
47.66240340666905,-119.06422300577916,2002-08-28,nominal,10.793681383566797,334.5865476836709,True
46.11793745347858,-119.79416925215315,2015-09-26,nominal,32.164060109141616,316.4376948231601,True
48.96944344643394,-117.81440295136973,2013-05-15,high,0.3680588974393823,310.15773118518047,True
46.34158408678671,-121.10533564346574,2012-05-19,nominal,1.3074149636536574,324.23122267770884,False
48.80185193850753,-123.90161762970926,2012-03-09,high,40.292354816973265,309.56407076276344,False
47.787777405513594,-119.19396883732165,2021-09-18,high,36.74529361608981,307.3790471505435,True
47.642769310280855,-118.816974564468,2021-09-22,nominal,260.90132557798694,311.947339476349,True
47.31390224811712,-120.3990718232739,2015-09-07,high,11.272424993653098,310.6932669982289,True
46.338117548543444,-118.73623026296033,2015-06-10,high,14.927305593947548,319.12630623065877,True
46.15078699073906,-120.93420092083038,2018-09-13,nominal,6.026000017328056,308.97598377865637,False
46.30288228338281,-120.70472866300078,2008-08-13,nominal,124.77392253585418,315.85122057297815,True
46.18507638701912,-121.4595997244167,2019-07-28,nominal,75.21140040903153,330.9495345140532,False
48.237362278540964,-124.64842632491931,2003-11-04,high,86.39393331422247,316.2214071407405,False
46.751433396716884,-123.99442098394309,2018-02-14,high,116.53060425452352,330.16742288121776,False
45.74013566090935,-124.60076655750419,1996-05-13,nominal,37.21149714247701,327.0205660106595,False
48.893095100287205,-119.80326543867822,2025-02-05,nominal,30.00043981993685,320.9204023670063,True
48.59789916197345,-122.35715707006473,2015-08-27,high,20.053101320682654,311.4584721006148,False
48.75002289985544,-120.8170344190639,2020-09-11,high,44.48421884480646,325.405079773491,True
48.982381066356666,-117.65299786176608,2013-07-28,high,30.282315875142213,312.5002508136193,True
46.14167756229943,-122.87311262284942,2007-11-07,high,30.034379045122922,314.9799034497304,False
46.9109973854032,-121.59566342032745,2020-01-27,nominal,138.17380937427708,318.3019867416559,False
48.163505125936155,-118.85847947135362,2020-06-14,high,206.85690707422557,314.9463252760652,True
47.94823133846612,-123.03563054765144,2019-10-03,high,79.60062830652339,307.79732281589463,False
46.072479835935894,-124.23954931505767,1992-02-21,high,70.68494087246464,299.72901085017133,False
48.36278261246754,-122.55227097839382,2010-09-01,high,57.05900308665133,324.5913293032548,False
46.316564378554844,-123.57151519207574,2020-10-10,nominal,9.080581582533458,320.7034212680636,False
46.314408947286275,-117.4774976169234,1994-09-20,nominal,3.0462300743110085,297.7938900750366,True
47.39793150321121,-118.44160539005418,2022-07-06,high,58.67643412439496,307.53212650463144,True
47.59157217455229,-119.82710821087234,2004-09-29,high,65.24239606587939,316.79065429273385,True
47.54709827911883,-117.9393175198114,2009-09-11,nominal,2.405601740208982,319.4257235356057,True
45.85654445739623,-118.47688043019002,2003-08-17,nominal,131.59040857857156,299.8154634103291,True
48.57601458470111,-123.37049943303373,2024-11-12,high,4.778245781794364,314.1076133345758,False
46.45897614735692,-117.77200714197448,2011-07-18,high,16.836650895068935,320.39654595253967,True
45.9881216276385,-120.5730160216089,2002-08-30,nominal,55.796541551182834,311.4848819810072,True
48.61506835634666,-118.44699956954898,1995-06-08,nominal,9.308804462701236,317.55829648434394,True
48.84655418387494,-117.7439959916067,2022-06-16,nominal,2.8505270973838477,310.12448117955523,True
48.52296155573846,-122.32823244347311,2015-05-09,nominal,20.109510509561215,324.09196351699524,False
48.34092561854808,-123.97728823849552,2009-11-21,nominal,72.61563480120282,307.0071428613373,False
47.807137253011014,-123.04247416104239,1994-04-27,nominal,26.69436551530282,303.5792176090562,False
47.44596650230762,-121.46303523619379,2015-03-14,high,52.917623361620045,315.2892686406155,False
45.840974189293476,-118.36314290623463,1996-03-24,nominal,43.32970336693901,300.664740277115,True
46.95324811722462,-118.0244064747772,2020-09-12,nominal,1.1234515329131858,293.9488881193721,True
46.829502268862605,-124.79486960488765,2017-05-25,nominal,223.44457186520472,325.8373529805401,False
46.43874809181073,-120.7997738905599,2008-06-19,nominal,2.1155347302371474,305.1577551843918,True
48.0430335933625,-121.53993074503018,1996-08-23,high,171.79369250927388,301.66348417416185,False
47.255730043372544,-123.0886850629671,2005-03-09,high,39.91029579505697,306.8824122305039,False
45.82041990704046,-123.89946763704388,2008-10-05,nominal,165.05723291003625,306.433493685892,False
46.30183387874634,-122.17271169076923,2024-06-25,high,6.094462699204195,313.57888538836454,False
47.9040753222622,-117.37272604797373,2024-09-16,high,33.70729461304623,304.06513266314033,True
45.803412773836435,-122.2870007490754,2007-07-22,high,9.286613846598254,319.98186142256156,False
48.48517592260874,-120.7359903695751,2015-07-25,high,2.616000380832702,321.4623413115772,True
47.25320698346835,-119.27505965596124,2014-07-19,high,48.05513732113095,302.25008549384467,True
47.2028295575502,-121.96641725313219,2012-02-22,high,11.64602330844684,308.8190337705161,False
47.58973093492193,-117.14376808402278,2007-07-06,nominal,44.29984036976145,309.7694275996141,True
48.39339614210102,-117.21779295110906,2018-08-29,nominal,5.9597036446982505,313.34992638633656,True
46.743419859341586,-122.85336639410485,2004-10-30,nominal,20.172342665215698,325.82683516983684,False
47.88593588785436,-120.90681934827339,2018-06-26,nominal,76.07880607798,326.40313415002606,False
47.49743259542544,-122.46403500315301,2013-10-03,nominal,28.728358403560318,339.98867386165784,False
46.4639178147862,-122.59121487958667,2009-10-27,high,49.4088645113407,292.30626070845824,False
48.58005975278885,-124.55748650747854,2008-05-16,nominal,52.12926734068063,305.7570427684837,False
48.299094034759975,-120.01615483153941,2003-09-10,nominal,92.81651362026824,333.1400918107498,True
47.818243347918155,-120.86375534579513,2002-09-29,high,19.646410799675966,296.99299682223165,False
48.48301278266608,-124.44177350258758,2012-02-13,high,58.124841198255126,332.91265064170705,False
48.540837935320916,-122.64033353860367,2006-08-08,nominal,163.0054772981721,316.47351273143244,False
47.99093589943402,-117.64745152428443,1996-04-04,high,65.51174823528495,316.84132773022543,True
48.436066116138306,-122.9502742070109,2004-04-20,high,33.654530914393604,302.2020201388053,False
47.95325125737572,-123.7009836643166,2009-02-01,high,49.80965974407047,310.488367799957,False
47.89328707029064,-120.96863961099892,2024-12-03,high,67.29273835578647,332.47376359709904,False
47.68039536862454,-117.03379189890293,1991-07-23,nominal,47.373046418803874,314.52316864758774,True
48.14439957286944,-122.9305016969138,2021-07-28,high,0.8408210106858731,310.555009717898,False
46.08877366431403,-119.51996510907138,1997-07-04,nominal,10.831583590393102,319.0571919637924,True
48.58781282682829,-118.81035645044327,1990-08-07,nominal,83.15992746716732,313.07782399697345,True
48.5565786059985,-122.96553427614026,2007-11-18,high,15.917418836158511,318.4515114980644,False
45.64119559929957,-119.07524435550795,2020-06-08,high,65.75678747850708,306.5025866784008,True
48.39732595695408,-121.93347975753632,1990-09-16,high,23.270327819112627,314.22847351391897,False
45.98588974145812,-119.83581476339292,1990-10-10,nominal,36.895129223223954,308.58923734559284,True
46.69951123573663,-119.8261093936661,1995-03-14,high,3.5196908222228562,296.96033359305324,True
48.11253856676896,-120.60130675528717,2001-04-28,high,9.997332168927976,319.8195778724768,True
46.09622924032715,-124.13400212346853,2008-02-25,high,157.55731165493222,302.66227158444445,False
48.370165903451955,-118.22605120997734,1999-09-05,high,110.42653663683424,313.352590698959,True
48.41918425573379,-122.30621408477413,2018-08-21,high,52.81718302082259,324.2606824582791,False
47.295838358812496,-123.37090821252914,1998-10-06,nominal,30.77641014610688,300.0218654345957,False
45.56209511614024,-124.52665312747072,2003-12-29,high,56.313764206685725,321.04684096949603,False
46.533151940785196,-120.16421896051725,2017-07-11,high,48.196678167655996,312.0018654303134,True
47.67456713758007,-119.4769146105907,1991-08-08,high,42.030443900221506,305.33476599072935,True
48.934904175974886,-124.7184585166021,1991-11-19,nominal,3.050016562069791,335.2292328888607,False
47.72607480347767,-120.7891020476867,2000-02-08,high,50.09278649528509,314.99443704245164,True
46.43892039048199,-123.05388850268035,2014-02-08,nominal,73.24957504755363,309.3190711042326,False
47.733659732724654,-119.73377977205305,2016-06-29,nominal,256.48491850478507,307.197870776336,True
47.40834941381686,-123.46727421799041,2009-07-13,high,0.5570188398643299,323.81162468436696,False
48.238265067222954,-119.37086373684744,2002-06-10,high,65.49879730464347,308.8794377353659,True
45.910153010341276,-121.78318870383674,2007-10-28,high,42.40699760154117,322.5651809854103,False
48.17315654265702,-117.4217311893177,2017-04-22,nominal,28.4626694458383,314.9752016887684,True
47.41278236221934,-123.75945891292227,2006-03-04,nominal,6.823652872416326,326.1618806443385,False
48.87195233335212,-122.14534383617145,1997-02-04,nominal,26.30416737401197,304.57460552517114,False
46.72287769449385,-123.95015497656212,2019-10-24,nominal,21.87699101561119,305.96936760904,False
47.72887175024346,-117.51717960705099,2016-07-19,nominal,18.036291813818085,312.1899468596993,True
48.76481724506466,-117.89269892768883,2014-06-07,nominal,65.62982512668641,313.01933502475225,True
45.89468365884775,-122.80452289221881,2004-05-15,high,60.31970688349201,311.45442971302987,False
48.78281056583812,-119.61632651494897,2009-09-21,high,44.460547442297916,341.3144040542652,True
47.920084599160816,-118.36942795240437,2024-06-07,nominal,139.57007962274866,335.6324700435191,True
45.77471622450389,-120.44725756401627,2003-06-18,high,21.527945842250602,317.9905507482104,True
46.58133394163598,-120.64987091363686,1999-11-14,high,13.972597497969948,319.1697207405046,True
47.99027542671267,-122.93211133315941,1991-11-01,nominal,53.34162972630644,312.63567819920416,False
45.77303308108195,-124.11169505129921,2001-12-13,nominal,11.083111259572872,304.5017446648187,False
47.55430979220991,-117.73507903943012,2016-07-04,high,18.917588989572963,313.17927759444746,True
46.73675537705723,-117.7096848066948,1993-07-07,nominal,12.718970030489823,322.71117751462054,True
47.68836769147547,-119.82950544382298,1992-07-12,nominal,3.5830482262487418,328.0562676156801,True
45.698267436991294,-122.1614937569838,1993-01-30,high,87.86753738358343,324.95708420522703,False
48.55551734928722,-122.0807680733216,1994-03-10,nominal,14.687726489312183,299.90225706845786,False
48.908271833353794,-119.093171466559,2016-10-17,high,32.030346015466144,312.10772321846287,True
48.89231737928849,-117.73591563857606,2013-02-07,high,2.2140690471694193,300.3113243513401,True
48.13379533783052,-117.81540465557762,2000-06-09,high,60.088672276586166,326.6884355740272,True
45.99009839085198,-118.66558692134905,1990-06-22,high,20.065761710888232,310.8761560519967,True
48.16359065791442,-119.75868904599649,2016-09-13,high,68.27299132688826,314.52889884368966,True
45.62507073094745,-124.18277007758925,2007-03-07,nominal,26.58570215582226,319.80050268005004,False
45.61654748829033,-123.56828429722971,2019-01-01,nominal,10.892604193051575,342.661399198119,False
46.65969135825741,-117.72446528498027,2018-09-05,nominal,35.99253662060986,317.68274939789524,True
47.23070543880014,-120.04101755689945,2000-07-31,nominal,6.9921094588951505,312.61728962193746,True
48.205609665614965,-124.77706738068012,2017-09-27,high,29.03908722580409,302.5895787879636,False
47.90420200305851,-124.04533066507236,2011-06-13,high,19.08538888817488,329.58639448503106,False
47.08282336406355,-119.58843097097312,2010-08-12,nominal,121.4979649738807,313.18363535702923,True
46.48674826533456,-124.80986164009948,2008-08-02,high,3.143194697208307,331.571424649277,False
48.99005077054568,-123.57479215225923,1990-08-15,nominal,59.211354374571,326.05613112948726,False
47.01458730573646,-120.49854105032297,2022-02-21,nominal,10.090583004973304,310.37043897391527,True
47.10179910418068,-119.36327108229695,1996-08-23,nominal,19.212958173496556,301.077238191441,True
46.10613842132317,-119.67994721214438,2016-04-01,high,26.8511279172943,317.7256911720361,True
48.29004103867476,-123.07154437597775,2022-03-03,high,119.30653651651954,308.850964712284,False
47.94014050120395,-119.20241877471403,1991-10-08,high,13.8917534243128,315.39345842456305,True
46.30386286024911,-122.96861473615037,2010-08-28,high,4.787497964614333,325.4904960685434,False
45.82503841783082,-122.26958039359701,2005-04-01,nominal,19.186864112073444,298.46417884375165,False
47.89452758517851,-118.93032315741407,1993-08-10,high,5.528479106752727,317.64613844068214,True
47.804608801412726,-119.69841111055558,2017-08-18,high,6.882506633521239,322.59596190885736,True
46.48547796341381,-118.11565835478117,2018-09-09,high,42.64826426089875,323.08110561756064,True
48.82998792538642,-119.63512976405828,2017-07-25,nominal,3.141768381668806,301.36457828812576,True
46.06266030556191,-120.3433127755497,2004-08-05,nominal,1.570966990201053,319.19336469773964,True
47.0358784116074,-124.10715909112322,1991-08-11,high,62.66062123161945,327.0353658190669,False
48.80491108377989,-121.93401368173869,2024-12-11,high,22.443200284105245,318.43233798400075,False
46.99225651656438,-122.74694522428392,2017-06-01,high,6.698022760585462,313.8430579389146,False
47.74929977891774,-122.91516212800386,2015-02-16,high,14.625536976801959,326.3961294057344,False
46.91567661695127,-117.1340263008131,2013-08-08,nominal,51.37319812152008,308.0568118956117,True
46.4887846001264,-121.73273504339258,1999-03-03,high,16.11619953696338,299.7016709179673,False
48.944562661941006,-117.77607081744549,2025-07-29,high,34.112451596984144,312.9940218506907,True
46.95629566185005,-119.8450706958417,2000-06-28,high,6.488085724267835,320.35045191704,True
48.633583244729806,-118.54714636291473,1992-07-25,nominal,44.347961560251605,325.38936761436435,True
46.33564293638316,-120.86408785167582,2012-12-12,nominal,18.995547033987123,320.30502574167934,False
46.277342275926785,-120.27515219491298,2012-06-05,high,49.304611849525976,323.3582106872486,True
45.64772392678041,-120.94433468801641,2017-01-29,high,82.6159351744529,325.4531143010396,False
47.79476721580056,-123.3017231067615,1994-09-12,high,47.29195320498704,311.6062299370189,False
46.81510114928421,-119.12095472597626,1995-06-25,high,17.53092056188542,313.52060698092413,True
48.53067954444514,-122.62347516584401,2023-10-03,high,14.768490815243137,327.87167793149877,False
47.17730627715279,-124.65717438619856,2007-08-30,nominal,19.831782046539985,302.8984297576931,False
48.889949260584935,-119.73140469345616,2024-07-26,nominal,8.993459110398886,319.29132861522294,True
46.181918284332795,-123.4455123123021,2004-11-16,nominal,9.99405236220936,307.83291171082976,False
48.54543616112641,-117.3921634260814,2010-06-20,high,78.19720684089226,326.0026160323097,True
48.227025110659426,-117.28534638436949,2011-08-04,nominal,24.28491353708467,314.8206451942486,True
48.20738958246842,-117.59512538555184,1996-05-15,nominal,28.63462412164867,315.0759393537812,True
48.46294996928443,-121.91464150697432,2021-04-27,nominal,45.0761981587257,332.28879887396687,False
48.17314300866278,-124.72742903092607,2014-11-18,high,44.53766712157678,304.2395722055135,False
47.7067223128447,-117.48843379867934,2025-08-09,high,3.4877047458748165,317.158194732186,True
45.99410727678106,-121.4544997038437,2009-02-10,nominal,89.05308069531371,313.1987386890218,False
45.65254058103973,-117.1844272849837,2008-07-08,high,9.759797051743483,320.32411316043033,True
48.726133553442274,-117.20849358168223,2019-07-05,nominal,64.19982100694304,334.29330786688945,True
47.67361008824175,-118.08563501814383,2020-05-24,nominal,74.06784596744508,308.94758490074815,True
48.29601902677757,-122.51502028588818,2011-10-08,nominal,62.74568244354634,303.02602287645954,False
47.206067336233424,-121.79617501218672,2014-12-23,nominal,43.253467531919405,306.90672574317995,False
45.94588633380988,-118.10048619487132,2024-06-07,high,0.735837966343409,312.67181917779084,True
45.973142841020824,-122.33680849911072,2014-05-30,high,22.343699081283393,315.6423083370333,False
47.91205589381224,-123.50592251877929,2020-06-24,high,46.42315443700758,316.14528795786583,False
47.02885839635214,-120.43456598870529,2025-08-16,high,24.506341143169585,333.0266095117543,True
46.23381555438316,-117.426292640905,1992-12-25,nominal,99.56416925936053,331.2483904465484,True
47.24091713172537,-119.33048371236747,2010-09-17,high,18.466467669041677,328.0294648906696,True
45.76216292227996,-120.32941492119133,2020-07-10,nominal,17.3740662148089,340.1443863661734,True
47.55362105062382,-124.0793904043978,2018-09-18,high,15.462155372351319,323.2409845666263,False
46.470717179345435,-119.97299269227558,2023-08-30,high,20.231837736438482,326.0835508351264,True
48.29955448820467,-116.9988729686732,2000-09-10,high,40.75500338412336,323.04770521893766,True
46.61385237787557,-123.73913375917436,1995-05-13,nominal,61.38174351050206,321.40905313793786,False
47.11506171582303,-120.73964585675557,2006-09-16,nominal,54.31955133325664,318.94396524182844,True
45.580207068082025,-117.89243153961131,2014-08-21,nominal,82.43956491458549,311.0314295508468,True
45.79066623176917,-118.97570486120915,1990-08-25,nominal,108.54013447811484,302.53221752162136,True
46.89802770516713,-119.32266517390752,2006-06-24,high,84.66245958105945,313.6934603103789,True
47.200588368121245,-119.27930121398222,2004-09-07,nominal,0.9563583456378804,320.65773699672064,True
47.61607109649279,-121.99923517082733,2003-11-12,nominal,66.57477210592504,315.7226190097399,False
46.54915252233419,-122.52181667498256,2000-06-27,high,11.684926331057117,304.34664305880744,False
47.94463732599784,-118.43176603705538,1990-08-23,high,7.131665496117313,313.34116950016625,True
48.51602349427465,-118.4258007801941,2006-07-27,nominal,50.87311068978864,312.8199719141686,True
48.23828442157099,-117.97411651365978,1998-06-06,high,19.26424491465117,314.3764535803122,True
45.677081135705315,-117.60800241822719,1992-06-17,nominal,2.9406624711746203,319.9091534892666,True
47.20255403751209,-120.79505477703276,2008-03-26,high,7.403527904204997,322.06258036910305,True
45.90305841732688,-120.8729757831305,1991-03-18,nominal,0.04649245228108991,309.9994854902545,False
46.377475754884344,-118.51951923079348,1990-06-03,nominal,116.76761993162627,324.81121188012514,True
48.95385257270433,-119.69578602893232,2025-09-04,nominal,1.2463036638733318,326.3163811966831,True
46.033034578439235,-119.28340266334641,2008-08-20,nominal,11.751683567412886,318.20301933048546,True
47.26615301094169,-118.53936413137171,2003-07-01,nominal,26.915218217537817,321.6475027195307,True
47.67881884074069,-117.7922576393867,2007-06-11,high,22.047204936382336,324.8423144246195,True
47.9705287980826,-122.16969840616731,2016-02-02,nominal,121.36541355457882,304.02355350420527,False
47.47638444486472,-121.87162718556525,2022-07-24,nominal,2.0561512482760733,325.54731334981795,False
45.57380713207038,-124.1047232170619,1992-08-06,nominal,35.89399723471675,307.0993912740205,False
46.66955612652421,-120.26423848190034,1993-09-27,nominal,57.04668635907568,308.0729836337162,True
47.331282286111104,-124.56497776879183,2012-05-24,nominal,134.19079224635055,316.9628916781476,False
45.84401808704112,-121.15780771620959,2006-09-29,high,48.428074154498596,293.55959874325333,False
46.753169181983765,-120.54682804676892,1995-06-01,high,81.41963014951298,316.7562030822576,True
45.654882756418125,-122.5777278706227,2010-09-21,nominal,4.3719336594924005,324.81780946955803,False
45.81188160015637,-120.16469224368774,2002-09-21,high,24.383091964902313,298.54076153553984,True
46.91335453565752,-124.60813301798333,1991-01-28,nominal,23.416023086688256,325.8900932454645,False
45.99919650898899,-124.55382886321873,2023-03-19,high,108.70441232213632,308.01212381472544,False
47.50369133498499,-118.32677755396891,1990-06-27,high,8.206668733801356,317.068617804928,True
47.925548793214936,-121.99368821360868,2010-03-11,nominal,8.237021073163358,309.46425492994535,False
48.31002997891743,-123.84241013467054,2018-08-11,high,19.9163931884513,320.7291848412905,False
46.23251984508704,-120.7086109477654,2002-09-30,high,2.800274090793492,325.2494755616376,True
46.11948973461638,-118.74395112392801,2001-09-27,nominal,10.072652555445588,321.470103643825,True
45.90180472755702,-123.13853925195004,2002-12-25,nominal,167.9207450134967,314.960188505063,False
47.74204866342098,-119.91047852675533,2010-04-24,high,27.946895625622208,310.24144663406577,True
47.98440601364468,-124.17319460259941,2007-06-03,high,49.98622694878027,314.30697970628887,False
45.64928806109672,-124.44016395113293,1996-09-20,high,64.7516655529727,321.5597146495964,False
48.779294372003164,-120.63635777166459,2016-06-11,nominal,22.86119451517048,321.9026639917292,True
45.7198206414341,-120.56276348563185,2012-07-24,high,7.963098687082066,320.5082658217612,True
47.412885320141704,-119.79518088111922,1993-10-09,high,11.570192203331487,302.17422458442957,True
47.99334939730017,-119.09209572357929,1997-08-14,high,18.790447320160585,314.7697754156459,True
48.55355316816146,-117.1114930098621,1992-07-16,nominal,50.53946985071075,308.6657103580285,True
48.0107407851782,-120.75573823797151,1990-05-22,nominal,25.398198534271398,321.64929019905827,True
48.31397916742148,-122.28895516957591,1997-04-13,nominal,0.341901199387893,307.350282466214,False
46.714497666198106,-118.54417347548419,2005-09-28,nominal,37.05463950538717,319.52053758084224,True
48.35929489356293,-122.70230024749175,2014-09-23,high,127.24136331469577,312.1781223918547,False
45.81719736849097,-121.3689566338043,2022-05-03,nominal,83.58631129509683,296.2090381673426,False
48.63606562996942,-124.22784089595582,2005-07-02,high,87.20889354247281,324.30959285887997,False
47.43466962149193,-124.64896860471542,2006-10-26,high,79.25141763061096,314.7471277813604,False
48.36785028407023,-117.21619807160405,2001-07-21,high,19.5582047613868,327.75977295765693,True
47.10502126443332,-118.22067764433821,2016-09-17,high,72.44974648398188,298.3469092132236,True
47.76677882537997,-119.33092454567698,2014-01-22,nominal,7.725283013587676,312.08478689082506,True
47.36135320683895,-121.60700315079484,2017-08-23,nominal,53.60574537180648,312.83595579040133,False
48.07129974527345,-123.47577604183819,2013-03-13,nominal,51.300894858261216,317.7020629123831,False
45.82243973782584,-123.60945425161829,1991-02-28,nominal,1.2951194070392031,301.74812695843,False
45.74881821060735,-122.86557381755476,2009-03-01,nominal,77.55140674723106,320.4403785677378,False
46.3949771896751,-120.49463254888046,2017-07-05,high,116.78026808419975,334.11662406281033,True
46.09202459319163,-119.18325433298851,2022-07-18,nominal,15.558814199508825,319.7453734646553,True
48.55637114040902,-119.61463480262839,2008-07-05,nominal,83.66968994978181,315.92872401823513,True
46.29848039625883,-122.63012419721866,2003-01-10,nominal,4.300011066009067,301.2254259297463,False
48.91649378513419,-117.27791832434087,2019-08-07,nominal,45.81051903775289,307.25753886442976,True
46.70565943952803,-118.99847745060255,2001-03-12,high,33.24226085010608,314.44155099177226,True
46.1701279882829,-120.4539723635846,1996-08-23,high,39.47448331442655,309.7022352915717,True
48.27235683471298,-119.99905448236159,2008-09-22,high,130.323351804886,325.2625642627099,True
47.81912890323303,-121.52257150494762,1998-01-25,high,102.51948213124244,320.33703200968637,False
47.26375717892786,-122.88549325325582,2016-05-25,high,76.87532150077956,341.9237858764697,False
47.4615578862442,-122.02713665829549,2004-10-08,nominal,15.989500141990234,305.1914156357571,False
48.028438152822034,-118.84028034401756,2009-06-24,high,121.41797739350773,315.3311461139173,True
46.330453405006295,-124.73585963516604,2018-10-24,high,5.129755615855265,301.1650762746571,False
48.987315349556326,-123.92954396078015,2003-11-24,high,95.97823861072543,292.77559225409675,False
48.91278434102787,-124.4851990487675,2018-07-05,nominal,19.886758487048027,322.2272097945315,False
47.7901268747604,-124.52702059761056,2022-10-21,nominal,2.7636026771794735,319.96615382967354,False
46.23041688021484,-118.06619756879272,1999-06-25,high,55.33579939225105,306.4540956535421,True
47.893589718812265,-119.26999317511641,2018-07-17,nominal,13.151419588097616,315.93029619593426,True
45.78980649506795,-121.08980153533751,1994-03-12,nominal,13.957338491153337,308.70732401074457,False
45.646057657632085,-124.07417510603756,1998-03-10,high,18.267564182528886,310.05792545156726,False
46.4315827942488,-120.95148611032351,2009-08-04,nominal,3.290153617411128,311.7971538723373,False
47.14067543031803,-121.09536885771011,2002-04-21,nominal,9.747678946871616,306.0343482259572,False
48.544222868713,-123.47650917161357,2015-07-24,nominal,0.25764404511655237,307.83350090180045,False
48.056004981391425,-121.40955642154287,1992-07-22,high,29.47626567331855,308.1156455605575,False
48.10976456335193,-121.68985745622882,1993-12-31,high,4.40088747433756,319.2287884675333,False
47.01220693719034,-119.96630872244592,1994-09-30,high,57.38791110025573,287.2577982401518,True
46.73693507421249,-119.81370734861959,2007-07-20,nominal,13.43469806740582,312.72370738515195,True
46.823794119926724,-124.49073920250768,1990-10-13,high,143.74138932183078,304.12318123462325,False
48.95726749052676,-121.87932196601209,1990-09-22,nominal,102.49476897538557,304.4844731377472,False
45.678777802287186,-119.8869308683861,2016-06-12,nominal,17.08515734821565,309.74346625916274,True
48.539928976583674,-120.8601294694599,2008-08-30,nominal,76.44256486371744,314.8566029002684,False
47.54221691366048,-118.0580355593766,1992-07-02,high,81.28977472547223,312.8558813829331,True
47.057609350395985,-119.62655950126177,2005-07-28,high,215.4875837838062,304.359394902018,True
48.049391505036375,-123.55792999324426,2020-10-10,high,45.54526134443298,322.2169651844558,False
47.22387453732947,-124.29038983311459,2018-12-13,high,4.276028148100972,305.9739601313951,False
48.56204440376254,-119.75561512382392,2011-07-11,nominal,52.04131102345608,307.6529374407388,True
48.65642844947895,-124.63976530740493,1990-02-10,high,49.03876250696674,317.84491785894517,False
46.99915440698216,-120.20479964050143,2016-06-15,nominal,50.85399911579442,318.20368564292744,True
46.49782417843328,-117.39397418550008,2012-08-12,high,18.346773615284008,308.8830033886702,True
47.58953213693303,-120.28648976944427,2009-09-19,high,98.19133967047392,285.63837969900845,True
48.69677717583375,-121.77181248518228,2011-05-15,high,160.2883350014795,306.1450911341215,False
46.2688911739596,-119.74872442775214,1991-07-21,nominal,12.276648776681261,316.6188818624026,True
47.69546437912965,-121.21605457840226,2005-08-27,nominal,4.61410714446336,321.8860805369003,False
47.72519836152012,-120.52325886072464,1992-07-15,nominal,10.816778488047165,314.2070334247155,True
48.07657105755687,-117.38418406640216,1998-06-16,nominal,85.89352913196996,310.21013952924386,True
45.99522419054032,-121.78820608223985,2004-09-18,nominal,56.45016793708969,337.9321100569932,False
48.01675437780003,-117.22775882887636,2025-08-28,high,50.536574058766845,311.2751387849465,True
48.685252521503116,-117.67056940928842,1993-06-19,nominal,25.690932847005428,321.12232686791106,True
46.16170355669104,-123.29737630112088,1996-11-29,nominal,43.11711987830799,301.649479045731,False
46.361899904236616,-124.29996488405993,2015-05-27,nominal,18.39937200068572,304.0983215079103,False
48.901027025384074,-124.050830449077,1996-10-15,nominal,32.427822457047974,321.47325611462225,False
46.16618025637484,-124.7055009225832,2017-01-24,high,78.76705084820486,325.4456127578537,False
48.496172423058745,-124.10106732120548,2018-10-08,nominal,198.80567456199242,311.10283109806596,False
47.2432813833102,-119.43375628680829,1999-06-15,high,134.77317997999302,296.5136430836948,True
46.395419517434995,-124.28547401771038,1992-02-18,high,135.80357139970897,313.32442660598775,False
48.55279465840289,-122.32052325177047,2024-12-29,high,25.726936678955642,316.8940590077956,False
47.08075618230922,-118.15013878401223,2010-08-24,nominal,31.62988153752983,315.98818038928823,True
47.32126804459673,-124.6654535496149,1994-02-01,high,61.14680657937425,309.36610335038995,False
46.78294745812319,-118.39126493306973,2023-07-25,nominal,127.6755050312764,313.4711588073906,True
47.59160994596485,-122.61489163604693,1993-09-10,nominal,7.657224439236076,307.50223155715895,False
46.10579259914418,-123.91295291696026,2015-12-27,nominal,18.13765922702948,303.8816177626314,False
46.89314211681509,-119.32487427866228,1990-06-13,nominal,7.497375544529722,322.55668520646805,True
48.894166635280094,-119.86248322503552,1998-09-19,nominal,47.33859620160553,315.9779831340271,True
46.4331416771459,-117.89164693273047,2011-07-01,high,18.285856282524744,313.4931644137767,True
47.81230885931287,-119.02088662263519,2021-09-06,high,19.73425997194078,309.9285225722784,True
46.66515762221744,-118.47839622204815,1995-08-07,nominal,3.6778040422709997,313.1982644346492,True
48.21621701487564,-122.61346583950953,2010-03-05,high,21.52346071183919,316.60316428786996,False
45.99282286608549,-123.4429044178268,1999-08-18,nominal,99.20529807411805,332.28681575814306,False
48.89558081597176,-118.89762501948799,2016-07-18,high,13.268170643918598,321.54536849827144,True
47.110111813187395,-118.4518005176106,2010-08-25,high,59.402916732852674,308.33690878050913,True
46.356734603178765,-116.99529422393466,2004-09-29,high,49.662415217524966,308.44236257294307,True
45.79429874576184,-121.57794182209238,1991-12-29,high,99.56589557566716,306.88318899675403,False
46.12736235160289,-121.89989657966322,2019-05-08,high,7.094767814190604,312.99479468747023,False
47.33841786200382,-118.69304522131597,2016-07-19,nominal,189.912311082513,306.87548549759117,True
46.70603099045225,-122.14742792579356,2010-06-13,nominal,43.68894582013766,319.74823744989624,False
48.40793644595383,-117.46909440796374,2006-08-25,high,269.89751963514186,288.5648374420195,True
47.03087083186985,-118.04278687788492,2009-06-08,nominal,121.24595673888403,320.35168309274746,True
46.4005513831532,-121.44807736291611,2018-12-11,high,12.520423717755625,317.7537748780543,False
47.675321653649945,-118.89559243241342,2012-08-20,nominal,2.890037411271818,327.6274248314764,True
47.98544917042364,-118.86647500850847,2022-06-14,high,14.761463639097125,323.76789554553955,True
46.11796500133729,-124.03222772013105,2007-04-19,high,37.492612399960244,308.16302214745946,False
46.11996248835758,-117.69275545003104,2023-09-11,high,9.412738199324393,322.64298080938505,True
45.666883137190055,-120.8433486864885,1992-07-26,nominal,9.163685168162656,313.319325227857,True
48.08795097212712,-118.29619229376561,2005-07-30,nominal,31.050028762654986,295.65693242555733,True
47.836763665571446,-122.31200666382725,2008-06-23,high,1.6916968964921997,316.5883193972889,False
47.182222830094354,-117.74850079802513,1991-02-10,high,6.499061241419822,308.75746579429307,True
48.46082975343342,-121.76363068763808,2011-11-13,nominal,26.880844590795615,315.00221516397,False
48.32761872920718,-124.76405742376123,2016-09-26,nominal,3.2605325060411214,331.51449830275243,False
47.56532610081276,-117.67032092699525,2025-01-09,nominal,25.271597826769078,317.2478690273216,True
48.54421863057588,-124.12609665308595,2000-03-29,nominal,32.123298938244815,304.8266514881,False
46.252210586727216,-122.317842853908,2024-02-18,nominal,30.007129563316624,324.64415005616206,False
45.92724188311614,-117.31600860128712,2024-01-02,high,101.69468183711628,318.6254257013644,True
46.47333365584878,-117.31168532478519,1995-01-21,nominal,37.75777380982825,303.6483817096809,True
45.737520522069026,-120.30263754718234,1994-01-18,high,31.553753282474734,298.9376223252534,True
47.37784656688357,-119.8395309074935,1992-07-06,high,26.44177880152499,305.2266244078128,True
48.78065569534057,-121.29382701071192,1992-02-11,nominal,85.08406900427157,323.3630180067172,False
45.67612865071304,-122.52483858043435,2005-02-16,nominal,112.7167079948128,311.98397866356953,False
45.962500302474695,-122.24369015521657,2014-01-05,high,95.948675218242,315.8114251895541,False
47.104608637860686,-119.51692864330909,2020-05-16,nominal,55.973399967202845,301.6147032922383,True
48.77120756064655,-118.8836699815592,1990-07-13,high,7.387992419667209,323.6321897901742,True
46.633900123219554,-118.57277818325402,2006-06-29,nominal,16.208311221770984,294.8481633564226,True
47.29503243806184,-118.58832812763919,2014-08-17,nominal,2.357885710364723,308.4462248393231,True
45.68384209231436,-124.12673560282389,1996-07-22,nominal,133.55511906863674,319.1846385911379,False
46.05326747532882,-120.92924698370852,2020-08-21,high,54.05805202180686,303.77368554960657,False
48.95374022543761,-124.393559033068,2017-05-03,nominal,68.59253559481253,321.1412927945044,False
48.87931068966872,-120.49223596317277,2015-06-21,high,18.667208158319195,306.308060214484,True
45.55709233403306,-121.34866312410912,2000-12-19,nominal,93.42776741806782,302.7392940718369,False
48.833268777564406,-117.81050583072668,2010-05-05,high,15.028456666959844,327.86482064644474,True
47.75135498484163,-122.06724395046201,1996-03-11,nominal,0.08225547817212663,316.53930193099006,False
48.54299729903928,-123.92165855972908,2000-03-25,high,23.61350679327733,320.19036078049623,False
47.11339990049315,-123.71607596132101,2022-10-25,high,42.28712630590194,325.182095845527,False
47.32396225888421,-118.81122069048044,2017-09-24,high,32.571945309776396,288.80701050499067,True
47.231409167688945,-119.94753075790204,2010-07-29,high,99.05267519503555,321.3478263997032,True
47.847350331109524,-124.04809717834627,2003-05-08,high,5.569224836894911,307.3897481550565,False
46.02319334145684,-124.18303302750806,2024-05-11,high,40.35202661402851,308.70727209226084,False
45.643708620959465,-119.29131478752917,2014-06-05,nominal,35.97243769833548,319.37441077665585,True
46.60543759790552,-124.27298935953193,2001-12-27,high,16.52203191889538,311.36959226590545,False
47.9781954390688,-118.33264972982748,2025-07-28,high,86.36270409425431,320.9452107545652,True
46.2384129443454,-119.24949913864899,2004-09-18,high,69.88772003871136,314.59157032483915,True
47.87007621930422,-124.20490416950973,2024-08-19,nominal,65.99896856659545,316.68209014684055,False
48.89589567953116,-124.17723692730442,2010-11-08,nominal,104.45135817327274,310.0977840798471,False
45.86489647663139,-117.02594814248567,2024-11-06,nominal,64.14802299480007,304.35066710841863,True
47.86720332905894,-121.88203258965396,2018-04-16,high,13.187945788540517,307.59682429252496,False
47.07537575879382,-121.91080777375956,2016-12-06,nominal,61.13446206746803,313.97175869520055,False
48.543772200146165,-118.404499431648,2000-07-25,nominal,18.38699775684492,333.3723839277454,True
46.152938271487955,-117.338318781346,2011-09-07,high,13.865116465873836,329.71906399113544,True
47.93648579470253,-117.03101156388463,2013-09-28,high,3.790279462971057,308.4670402214061,True
48.439878902182464,-118.8757109908966,1992-07-06,nominal,68.13447413590585,315.60257677332476,True
48.80836519938012,-121.86626148673983,2008-11-14,high,62.06659597106521,312.12277026053954,False
47.90403817788217,-124.18783931657956,2005-11-26,high,13.36126907758191,316.30266618869024,False
47.26022468346916,-118.68722495669543,1990-07-06,high,69.19067539396421,317.58912747542774,True
47.6777514510962,-120.42185429959507,2018-06-17,high,124.95487309402833,320.275150157556,True
48.546411246296366,-121.48591946667148,2003-12-12,nominal,5.716080524233122,285.98861218182594,False
47.51430972337035,-117.66260972619874,2010-07-07,high,13.239742292072917,318.6649866588694,True
45.64513922655105,-123.96820396531221,1993-08-18,nominal,69.36690409781488,311.0107897078335,False
48.76108248645414,-120.94348292297349,2003-08-17,nominal,16.045170259688078,307.950620857684,False
47.925762558569204,-124.75996559699436,2015-10-02,nominal,48.99667928323749,322.9425667816207,False
47.880736314789274,-121.13352110898657,1993-03-05,nominal,4.2323935842519855,329.6682441640477,False
46.2862360272961,-124.40351502384303,2002-09-25,high,30.092477386331606,321.8900314404141,False
47.81974372700499,-123.90777392399418,2024-09-30,high,67.17926044277112,309.81448392788906,False
46.90277084356339,-123.91801686305756,2003-08-28,high,58.00001976576479,304.2399434986109,False
47.793266100563564,-119.70176230421961,2002-11-11,nominal,84.38946316261723,284.9375557189032,True
45.90881188486565,-118.9338641074252,1990-12-07,nominal,104.9626761050807,316.82515996581355,True
47.8161447539265,-120.22388569277952,1993-06-01,nominal,74.18069820008573,320.7901610779444,True
48.99797149116651,-117.21997169059688,2016-09-10,high,55.674278926414104,313.9813648990197,True
45.70681365445752,-121.87727630437702,1991-12-05,nominal,1.611827539138128,324.33746208837994,False
48.92102267740576,-122.58430315578484,2024-07-06,high,38.28231029378708,301.7980976416751,False
46.94790154410113,-117.96200891345758,2010-06-26,high,1.9213331203241355,313.2876104354495,True
48.55280693816692,-123.07688500054074,2019-01-30,high,82.5306591747558,312.4969904041211,False
48.247053774841625,-117.21164526223595,2007-06-17,high,19.336426299163513,313.8989131574393,True
47.50187626301387,-124.75361501570976,1994-12-06,nominal,41.325857781268695,326.6793166295391,False
48.09503426400959,-117.15886090420842,2004-12-16,high,16.386697854063495,313.95157775901237,True
48.57966384210266,-124.50774189823193,2003-06-14,nominal,76.27785461355302,312.0520754922747,False
46.93832551291257,-117.7832351083743,2021-08-05,high,108.79873517353,305.6330652018947,True
46.671534739008806,-120.66533020494563,2005-06-17,nominal,25.428283487101254,328.2857947142146,True
47.849873114050006,-116.97578916677395,1998-07-19,nominal,99.36040214076391,300.68803777421374,True
48.335146959116756,-124.26479324164828,1997-11-06,high,15.535595586993143,309.4700056715259,False
48.17750656632709,-120.45793552469752,2022-05-27,high,38.2494470721597,331.93937067097494,True
48.300435225050876,-117.16343089254055,1994-07-23,high,97.86524157208932,319.68243298071536,True
47.04711826925275,-120.70183409573072,1998-07-10,nominal,19.717456701663096,314.7982334829873,True
48.36970638796557,-119.85886879958737,2005-07-11,high,154.00165554496954,315.21692055526285,True
45.955923331582305,-119.33271289635198,2002-04-20,high,6.498572652847476,305.5362201264218,True
47.42393227894454,-121.24548935639156,2005-12-11,nominal,0.9222060800511082,314.31472755142477,False
45.559924965323496,-119.87346442493337,2011-06-29,high,117.24090025400122,311.50134161004206,True
46.66306697145493,-120.21638750644982,2012-06-14,nominal,3.5559350166754378,316.79628599455003,True
46.80795691065504,-117.70381697680646,2012-06-17,high,240.7279136213307,299.9375861437369,True
46.910757512968026,-124.48961020389224,2018-05-20,nominal,151.2033590914492,318.9785200776932,False
47.94631653514692,-122.62196190653361,1999-12-09,nominal,7.368240883327365,325.1662967488631,False
46.8844110303954,-117.3132369312729,1999-12-08,high,38.56458566209702,312.96176874879427,True
47.09247993427395,-117.79020819374503,2023-08-24,nominal,10.223468800200262,321.47098393305805,True
46.361902692825176,-121.2366419504093,2021-04-19,high,27.94438029635079,318.1034627484458,False
46.83145119903752,-119.93234849943381,2007-07-22,high,3.1696324555121023,308.92259859833945,True
46.326352910330506,-122.65036721895962,2012-06-24,nominal,12.675279142307804,304.41474313542886,False
45.79325789623881,-123.35819920339057,2021-09-30,high,22.57069834697881,305.8161151127934,False
47.62793213309957,-121.17287164882595,2024-11-21,nominal,28.87031144880558,317.92892569154714,False
47.85201628300035,-122.0479168317534,2020-08-27,nominal,189.70368408857047,314.43854868014796,False
47.683436597193264,-120.22160703302258,2019-06-30,nominal,82.47801948055364,327.75093021881696,True
47.14368939154998,-124.23356432886767,2015-07-13,nominal,66.85805932487233,322.90870112203896,False
46.85405879942014,-117.1230491752073,2003-07-10,nominal,38.50587307907128,322.887849831273,True
48.52713442751852,-117.02934879627675,2025-07-09,nominal,91.62837338117012,317.6308080171222,True
47.336022976571314,-119.31357760782342,2000-07-07,nominal,20.7244981682209,305.37801050678337,True
47.19796929659887,-120.59875581489112,2008-07-15,nominal,61.70426901968121,318.25339295974993,True
45.62872154769027,-122.39544600284941,2021-08-30,high,254.03123524420548,315.63853165028223,False
46.7207174835865,-118.3966054937239,2007-02-07,high,18.88974243133291,303.61618611444254,True
46.85547684099907,-119.42008180164774,1998-08-01,nominal,56.04558435248425,327.09949258558714,True
46.919926821903275,-123.560447670995,1999-02-04,high,92.9959835658577,326.02289374929154,False
47.54739639752657,-117.62634742696383,2008-08-10,high,123.73252126684986,303.5585085558294,True
47.386264811675,-118.32727966361927,1990-06-18,high,63.280477595754746,308.6220509488347,True
47.64335162106532,-117.31808668759504,2002-07-01,high,16.67638344514985,309.5004978055952,True
48.18649608493576,-119.0950442984803,2002-09-17,high,19.7471939111274,321.0985154379961,True
48.352930655957685,-119.98561749622918,2018-08-24,high,1.0488254395992196,319.94725180454,True
48.02470584374367,-121.53333272221539,1991-12-28,nominal,71.54073799725894,315.4440721278636,False
48.846111988004075,-117.45346312700268,1996-06-05,high,2.183991528044195,317.73857280399125,True
45.60308473606021,-117.98211335626176,2005-11-24,high,99.9954329736594,302.1236780355447,True
46.21739183046507,-124.49141594605791,1995-02-19,high,6.315624980793505,318.81361281358454,False
45.56616754742437,-124.64090989223679,2009-02-23,high,9.42964978923364,313.9911462445393,False
47.78026251097493,-121.86464550065706,2001-01-16,nominal,32.36344075272819,308.20956817441413,False
48.64718569936696,-118.42231208690006,1990-06-30,nominal,66.94772243500854,299.6749372606968,True
46.382448746154,-117.0209002945325,1992-09-16,nominal,7.4831667882256365,315.26961156186354,True
48.74753952499522,-123.65719405354902,2000-04-02,nominal,28.99727115347705,318.5695989621781,False
45.74852517040188,-120.13854342725757,1992-08-29,high,32.971238772812775,297.97518198293415,True
48.77314865274708,-121.829535506916,2013-07-30,nominal,11.930987213328892,315.1848607065643,False
46.756614497849135,-117.1585788253302,2021-07-28,nominal,6.13993835996485,316.22239751848497,True
45.890916066434286,-118.17199693953383,1994-11-10,nominal,90.5229377051261,309.4577045685234,True
47.221116286784685,-118.20205337164067,2019-03-01,nominal,34.904533953202524,318.7983820239517,True
46.42844692431296,-121.13326324282588,1992-07-24,high,0.7242824109338042,313.6733758372268,False
46.525660240788255,-121.56048134646231,2000-06-05,nominal,81.22283187679157,317.8317100533636,False
46.603223278644954,-122.6818819195895,1990-11-28,high,197.62612086633652,320.34246932875055,False
48.31846960650101,-124.40294231155815,2021-11-15,nominal,46.560853297150395,320.3480690615052,False
47.40549801729638,-117.99275155629743,1990-06-25,high,35.02957978769612,325.168204934465,True
46.61712463907977,-118.40369499759848,1997-05-26,high,105.35743853160713,318.3832518878458,True
47.65175489025577,-116.92223885084098,1996-07-29,nominal,152.36895487349616,310.22959259223177,True
48.01788133281225,-116.94666988200393,1991-06-13,nominal,70.23043566645467,308.52209955246803,True
46.48327904253803,-120.44542657457116,2000-06-14,nominal,29.480179401472117,304.36691247131375,True
46.97087989127772,-118.75192979761854,2007-08-16,nominal,44.85154486417417,316.5117964311291,True
45.961725882945835,-117.35800776203234,1997-07-06,high,60.35477792222823,328.21311714652524,True
46.166776749389996,-118.11229619192812,2025-08-28,high,10.800550610362704,311.4154739401285,True
47.89666777471884,-122.88852955317644,1996-11-02,nominal,29.63804368907872,319.4960824770996,False
46.167776683026865,-121.27718500699096,1995-01-17,nominal,88.54530051164909,307.4771999548484,False
47.35706530748803,-123.82576583784864,2017-07-16,high,53.17075436772627,316.94804915160637,False
47.993300065559616,-117.28437535383833,2007-07-13,nominal,26.48378096100783,327.5934712807444,True
45.90979415390781,-120.04303514880452,2014-12-02,high,54.43743481368431,321.86247973331945,True
47.502900279916005,-123.03686255235753,2024-03-20,nominal,6.290771132880992,299.29187966860843,False
46.42770723160672,-119.52341357266155,2018-08-10,high,25.666238080963694,320.70694816035547,True
48.871726988322024,-119.94824305316888,2008-08-22,high,78.78288174666368,321.1622577879355,True
47.21306793765094,-122.00976964599957,2010-08-28,high,12.455693166689707,316.7348697322709,False
48.328734222222046,-123.94948829385693,2011-02-18,high,10.287381304231962,321.6752211270234,False
47.443783835860664,-119.5244245589491,1992-02-10,high,150.61204970088872,306.66497960282464,True
45.69020736367767,-120.72395993183292,1993-08-28,nominal,11.779637955697817,315.6326315480409,True
47.73070375955532,-118.72551515353638,2019-04-12,high,15.117359385806278,326.101739409381,True
48.83185556403503,-120.7251034361819,2021-08-30,nominal,174.6918557065098,325.19949483466365,True
47.621576897706305,-118.09220070247397,1998-09-28,high,66.34631612061717,320.4804497400597,True
48.37439345361669,-120.47337876851833,2004-09-25,high,60.13144089793919,306.1700477649912,True
48.59935436318549,-120.40176188572438,1998-07-26,nominal,95.84110137260137,304.5953622938072,True
46.32915601094331,-117.89813693091932,2006-07-07,nominal,6.154905157608904,316.14543674443354,True
46.27367514608246,-121.65038087093569,2021-10-18,nominal,61.201333377562165,316.80774238725843,False
47.65399422142443,-123.78725923838641,2007-08-19,nominal,35.02758727349226,313.9962822772274,False
46.9621585055312,-124.62175337683522,2007-07-12,high,88.34865240334783,306.95215021803347,False
48.44592010791885,-118.8617615625082,2000-12-22,nominal,35.47823250252669,319.36961075390394,True
48.654080006957116,-119.93094525776702,2023-08-21,high,48.41096854316381,316.1016534869454,True
46.7628379723874,-119.26664743897315,2006-08-05,nominal,32.479690117688385,317.8982431655047,True
46.35957213405171,-123.16119419923433,1996-10-02,nominal,32.51960943552986,320.9343375962411,False
48.24061828274376,-123.76857419859691,1996-04-01,high,73.04442553910106,312.2635021232199,False
46.49082888299655,-124.7346608012537,1995-01-31,high,49.519258370032226,310.11241622620565,False
48.386245542057324,-122.06984065866368,2011-11-07,nominal,50.15554294076349,326.07565323308626,False
47.00613435762472,-120.17195274324276,2018-08-07,high,29.917536983163412,307.42641513469835,True
47.84972265154849,-121.73950472235911,2004-12-29,high,37.86930027321557,310.3082580053799,False
45.87055218586795,-121.38082386835183,2015-10-25,high,68.46550394517283,327.3424781542747,False
47.698553263380944,-117.68002155266457,2017-07-29,high,87.41802460331381,309.5297574899034,True
47.10311616843081,-122.08833414650522,2023-10-11,high,59.62880012200813,314.0138235635944,False
47.56966528258714,-120.7740633509627,2005-08-03,high,128.89913898520905,310.8803013088697,True
46.121329158797224,-118.63563160896274,2015-09-10,high,85.83002703142043,297.16778518716205,True
48.08958315750687,-121.70541573619232,2009-05-05,high,41.26127173902871,313.766923479952,False
48.52527788829957,-119.91685246719297,2011-07-10,nominal,55.64662769509726,304.89378236421453,True
46.28991970831408,-118.01145578963832,2002-08-22,high,130.39323958364557,317.5458043264356,True
45.871172362099756,-117.3203014543949,1991-07-30,nominal,48.2698531078427,326.05638510041115,True
45.62178950772032,-123.68370729623273,2010-06-06,high,87.09333793426735,292.8582626682635,False
47.7612213915337,-117.50216013246936,1994-12-25,high,58.36766195716769,310.9308301599972,True
47.64054536486718,-120.94751779587926,2018-10-17,high,40.141000272557655,319.52323232964983,False
47.43157304799068,-122.80212200078925,1993-02-04,high,13.842922680345954,293.1665108157022,False
46.342536952561275,-121.20905345303059,2007-12-21,nominal,27.756078059416676,328.3626536042223,False
46.89253474583308,-117.07834167798617,2004-09-17,nominal,171.70073873551934,318.7989203680348,True
47.59688811974416,-120.94353851463654,1999-08-02,high,53.612938164832336,325.83212821931903,False
47.258813331652725,-122.24299973042005,2013-06-15,nominal,41.55101413485872,309.3605213688857,False
48.95773789994351,-119.82713122526836,2001-08-26,high,135.1207744437805,310.56679229723807,True
46.01208154384629,-122.94564524308892,2001-01-03,high,44.15631279729546,313.3906364520093,False
47.94520015700468,-124.24840380809829,2017-12-18,nominal,37.336103096529314,336.3820904755154,False
46.93894293764085,-123.82798380524855,2022-07-29,nominal,71.21245167330048,328.18105360497066,False
47.02157066764263,-123.83459649706487,1998-12-04,high,62.355432538733915,316.32347699508745,False
48.02288826917729,-123.6454116404475,2021-11-01,high,10.731495298522137,317.5440177165078,False
47.93582908358232,-123.74910052089017,2017-08-08,nominal,31.86748833279733,321.34903811584934,False
48.96974573820957,-119.7678632737105,2021-06-30,high,31.981784477390818,338.9155482099146,True
45.98424424151127,-123.40769093071478,1994-01-14,nominal,23.758810419323968,318.8271979305705,False
45.90021938686922,-122.10885844324176,1996-02-21,high,36.41732167555843,315.4595939611877,False
48.04621230726544,-117.73846790944533,1992-07-03,high,26.645671812310702,311.61401603385013,True
47.541218732842175,-121.09148419271543,2009-02-20,nominal,11.11628738228928,317.3491524751944,False
46.48859590629693,-119.55626713352825,1990-07-13,nominal,26.58259015399091,309.12978181648793,True
45.814791016701896,-123.48350342137107,1998-08-01,nominal,3.751101281068858,319.96092338076875,False
45.836377543603646,-123.32514808084724,1995-09-02,high,42.87584553069427,300.6740337020846,False
48.633900426337846,-124.52591187300682,1990-12-26,high,96.08926744725478,312.3949941059367,False
46.20386094352685,-123.51034494983773,2018-01-07,high,64.6014334855589,322.34632854727334,False
46.658865604919704,-122.64077861147656,1993-02-15,high,22.345148991320084,318.6912365433735,False
46.324231151705376,-123.4463068596854,1994-06-24,nominal,4.554869610165747,310.3737537994835,False
46.7682872181785,-124.14658890730654,2000-12-14,high,11.291695806695325,312.67975489583364,False
45.78020649590148,-123.89335754217223,2017-10-01,high,39.42680562768905,325.3533468669221,False
47.335946876542614,-121.19602436950048,1999-03-16,high,11.600202201392142,302.8959830397658,False
45.77393947002906,-123.21377361304206,2008-01-10,nominal,39.260175236293556,302.9540635208867,False
48.30923351706537,-121.96134000188876,2011-06-15,high,13.172178945544882,305.703660478225,False
46.3486438034101,-120.85790104212099,2020-08-03,high,94.49856967829541,314.8932213573336,False
47.40844122453161,-119.37516900896914,1990-01-07,nominal,25.31441936712964,301.4326193274381,True
48.58507364296265,-124.53825473106008,1998-12-12,high,14.088355084638362,324.5300159276598,False
47.79203569690329,-118.51067553665129,2002-08-04,high,83.65249121621557,305.75707541144135,True
47.38403394146762,-119.8707499113371,2016-10-14,nominal,20.991309184514105,317.24355557743127,True
46.6621947857792,-124.20165087664545,2003-06-30,high,5.91033871197636,309.209268990806,False
46.69218661918136,-117.92252151083326,2004-08-04,high,42.24614148077224,314.34502919160275,True
47.85642486498574,-117.54748186378272,1995-09-20,high,43.56159082222108,298.9665409034126,True
48.97972218982524,-124.36565177835092,2021-03-30,nominal,62.7099431111297,325.01316245209955,False
47.82996359687885,-122.65436025019267,2006-03-04,high,13.736280764872872,305.385020016286,False
47.469930624100286,-118.45682385124103,1998-12-18,high,29.328790432528407,304.337832789563,True
48.06805076542779,-118.91630065525759,2010-11-03,nominal,16.589913166597363,338.79009013402094,True
47.149611418501664,-123.38674831650393,1992-07-02,nominal,4.22094081718468,320.5430731095761,False
45.748092505398716,-123.18985986593988,1995-07-05,high,104.62181120804274,324.62416408283076,False
47.48554698293757,-121.91215622486433,1993-12-13,high,65.25780736139454,319.588913963619,False
48.853383484388615,-121.0077327274352,2005-03-09,high,17.93836080778332,310.475194400136,False
46.1465481805575,-119.94723966176475,1997-06-05,high,45.736222066391534,301.9315014254499,True
47.9274169222395,-121.9245148382117,2022-02-20,nominal,11.236226778978477,312.0117961257434,False
46.235230562760336,-121.18209970106413,2023-12-27,high,110.47141686892215,305.2184065547444,False
47.393963788276864,-118.92255546059931,1995-06-21,nominal,6.103090643187644,305.81884827565483,True
45.87450051577765,-124.55910220107755,1995-01-04,nominal,0.1922263118648315,299.16812671030306,False
47.09828343945332,-122.84817503135191,2014-01-02,high,34.85858317083161,316.144759597955,False
48.15632511797755,-119.1931377839355,2007-09-17,high,43.74878176178106,330.73412147525846,True
46.74259747386688,-117.75100977714051,1992-07-18,nominal,43.252003704903366,320.5813672302645,True
47.84059456672578,-120.79239788402276,1995-06-24,nominal,2.8027002957972647,313.94209612148285,True
48.292256864332465,-120.63034006184604,2018-08-08,high,18.847075588848575,314.59428127189847,True
48.748035255398904,-124.00012595007557,2016-06-08,nominal,34.577317812292364,284.52222687606405,False
46.35186160321987,-121.30201993109,2021-05-25,high,12.204264441244291,310.7616457810062,False
46.9216330687002,-120.62634507701166,2007-07-08,high,103.03133696331639,300.7332410477966,True
46.067359406123245,-122.92720890617659,2005-09-23,nominal,4.5569554616986006,316.34412527902276,False
48.97399291746798,-122.71490117857141,1995-03-16,nominal,33.41145568609931,312.40024011331764,False
48.747423349018064,-121.85813658658034,2016-06-02,high,58.78806869130098,306.3069545879246,False
47.40825167077074,-124.69083540162262,2009-02-10,nominal,15.173712427576916,316.118967044886,False
48.453435198542415,-122.29591221692539,2009-05-10,high,48.94032993085149,316.0327915300694,False
47.342514601361266,-123.1732173045174,2016-04-05,high,88.4173301413156,330.18624039456427,False
47.69760648048955,-122.25294599722913,1999-05-09,high,10.556856825563713,321.8641750044673,False
45.84837053512142,-123.90028629467334,1991-03-19,nominal,124.57879710286397,317.16972790036874,False
48.15323565491896,-117.78811866373263,2016-09-12,high,40.322348972392355,305.5248552634861,True
45.981888653377915,-120.1428118433164,2020-08-29,high,17.77892043202979,304.2656088089251,True
48.39819400067375,-119.4647186091842,2002-09-27,high,28.181289960671453,320.98848007436607,True
48.24581718333953,-118.5918720778438,2011-09-27,high,18.71226904005886,312.9993062755957,True
47.9922566541907,-120.89735336249257,2011-06-13,high,64.56942404864951,317.4936559112661,False
45.66511491661568,-124.16072211546673,2015-08-28,high,79.55551062895448,324.78000524171557,False
46.58882411157084,-120.59074512337891,2004-09-29,high,89.46933202629982,299.8686122485819,True
46.450369491891514,-120.19634993409443,2024-09-11,high,212.61399328565778,328.97035385028994,True
46.786071969851456,-118.93866496971826,2000-07-28,high,78.33911020895368,324.69381786949,True
45.84324390380288,-121.42693979839864,2015-11-15,high,45.987845442616646,294.4555977801235,False
48.781874067687475,-123.83828819883118,2022-05-19,high,20.716738757620753,338.5309244891098,False
47.456155752864824,-122.59965706701611,2017-06-21,nominal,39.3284565677448,318.2137631908146,False
46.59711411487676,-121.97075738955883,1996-04-28,high,2.0967646999105694,310.2146169957705,False
46.91355604907702,-119.72787627624041,2024-07-06,high,68.2902995342612,320.19062223604925,True
47.087320790146734,-120.32372804397552,2013-07-17,high,29.525517596906507,305.22525363061266,True
47.618056393427736,-122.02615296363008,2001-11-19,nominal,1.0113205703406933,320.4612835319355,False
47.324250819829885,-117.02693407707167,2025-02-15,high,3.227296272137725,307.0650354166469,True
48.72109622732189,-120.04620568249989,2004-09-11,nominal,24.507579255903597,335.203595354706,True
47.259493650854175,-122.96879154153356,2008-02-24,high,43.784020269912205,315.601001939064,False
48.97286673128866,-124.04286499212019,1995-12-10,high,31.20008460484301,321.4982305207282,False
48.48593035379803,-123.63782702626824,1995-12-13,nominal,48.27461567780366,307.1393490034786,False
46.26144637967638,-122.89955521391084,2005-07-09,high,32.72462549347725,323.1649602389336,False
48.75985944266795,-123.57579671005172,2007-04-15,nominal,54.19167851673541,314.8741993649789,False
45.94262773668375,-123.37052349927315,2012-10-07,nominal,12.367077830120277,300.88148291678056,False
48.36837599137952,-122.58919531225779,2012-01-02,high,5.986676110035119,312.61237280111754,False
46.85695659542897,-123.4751473893126,2021-01-28,high,45.370756172065676,334.3111106886254,False
48.57779114873994,-117.73865018271245,1992-09-05,high,33.149284012102726,323.58977026043306,True
48.54347614777178,-124.21374639690318,1992-02-25,high,1.3617593796249579,311.21024931093507,False
48.32850188440697,-120.69062468070788,2006-10-23,nominal,23.940666890632436,296.3083423899906,True
48.27350530962243,-121.59555316197198,2007-05-16,nominal,5.6094994808501415,306.67508821769366,False
46.59418982127922,-117.05973756791475,2014-09-29,high,37.89568177057575,300.9352599596554,True
45.81998071935733,-123.96153150580734,2014-08-11,nominal,25.190653436987976,296.549919935665,False
46.93431141852746,-121.69500509956727,2023-11-08,nominal,47.48615990821807,322.855911301653,False
46.14039482185332,-117.16209946412633,2008-08-02,high,81.89244002240419,315.62387396380166,True
47.944530767602515,-117.98652849166074,2005-05-21,nominal,17.810087355807,332.9510844834394,True
46.73750505382074,-118.3706184773722,2009-09-19,nominal,163.64298436505734,305.0235810120237,True
48.91561129497531,-122.80483058153362,2018-05-02,high,38.35416612945038,314.9771906524087,False
47.75776338761485,-123.49486143199677,2000-06-04,nominal,48.15481067803817,301.05825648253085,False
48.38578275017489,-119.54765926599926,2009-07-31,high,57.07688300328972,309.0512663883376,True
45.99853536768679,-117.48004840621824,2023-08-28,nominal,54.94034485879432,312.77890038067414,True
48.522570108663274,-120.43487025839954,1994-08-21,high,35.76664805616606,311.25346032188355,True
48.73273987917634,-120.31711137250369,2021-01-10,nominal,27.997667717762614,315.53540630615504,True
47.22523423911352,-122.62976578727394,1998-11-11,nominal,2.76411273225114,324.7160956325139,False
47.63763516461838,-118.74792103978794,2009-07-25,high,1.116669459073306,323.66417585454553,True
48.18624191112436,-123.36674307393884,1995-04-17,high,22.155326623293288,307.30665415908703,False
46.14494165032103,-122.28322365531434,2019-11-18,high,20.297828240188203,314.6964587813635,False
47.27887862456351,-121.4762890417718,2013-06-05,high,24.526250373937756,322.94096374959446,False
46.919374076092204,-120.82464969703227,2021-08-29,nominal,7.446362338693667,325.35736507429505,True
46.046454012881384,-122.9276908219484,2005-01-20,nominal,67.00266177559409,308.3884331534585,False
46.8116691011287,-123.9393439798181,2018-12-22,nominal,97.23309159805396,322.0816445480024,False
45.77587619047381,-120.00778306343786,2007-09-23,high,139.61071072647718,318.311465091877,True
45.62930919804523,-122.56115971280477,2016-03-14,nominal,33.89936408768082,304.3401088646107,False
46.00767536047569,-120.24078090411868,1993-12-10,nominal,60.34313198160384,323.00157962585735,True
48.87237828609854,-123.62590366787558,2021-02-19,high,96.74148147169858,316.5154320843247,False
47.44137219419676,-121.0345589922913,2011-03-02,high,27.089257363508345,297.58609393673476,False
48.88174467759014,-120.62656579986592,2012-06-27,nominal,18.510651068889164,312.0614643928863,True
47.036442659022256,-124.43903935299815,1990-12-07,high,138.0128976635403,315.39857541584973,False
46.618883820475,-122.18072807392221,2020-08-12,nominal,36.250115628423835,308.94175521182405,False
47.29125084542724,-123.78409161187393,1991-01-18,nominal,34.383499051118314,327.28228425498526,False
47.060710442669865,-124.34743648415095,2016-09-09,high,9.82606061437151,327.64468490678104,False
45.905599807545634,-116.99961535714773,1999-07-19,nominal,5.723147232907852,311.17509841087156,True
47.75725904882811,-122.29373400935044,1990-05-19,high,92.29184098059352,310.0777447864626,False
46.28749211148321,-118.42769564437275,1990-12-25,high,47.61314925394347,313.68765326630677,True
47.68377432394649,-122.83069960772335,2003-07-03,nominal,19.71324704165669,312.9991943419332,False
47.78969577969761,-119.44568341276424,2016-08-06,nominal,10.643340505639411,309.0749810619808,True
46.06600599182512,-118.82139307107478,2001-07-22,nominal,40.53995525967126,277.9120339067671,True
45.75226970980291,-120.12658478697979,2006-06-14,high,43.84380106701943,332.54811875599614,True
48.2414350877968,-121.11040082479724,2015-12-31,nominal,11.596199416599886,315.0041796377814,False
47.130909466241846,-121.58410155081216,2008-02-22,high,95.32679138695684,313.2168988807092,False
45.74124673244894,-122.08347464631404,2003-09-14,high,4.401378265207314,318.2516913005195,False
48.98223745740739,-117.47883388611474,2009-07-16,nominal,22.010055275444813,314.1994225146591,True
45.73992074104743,-118.26318809624331,2004-09-08,high,57.03181491635385,310.6968415535455,True
47.944821891850594,-117.19733659841455,2008-03-19,nominal,16.018553414332995,304.9435401360805,True
48.94352908141141,-123.86432301775963,2007-07-27,nominal,87.91870902622742,296.61387223504306,False
46.3675631605871,-119.0542209216351,1998-09-06,nominal,67.32827089540851,301.45621070045604,True
46.0321828156577,-117.40896017740917,2015-07-13,nominal,77.80027096840548,303.83325933289854,True
45.959991890401604,-123.4128217853063,2011-12-14,nominal,6.340929321918683,321.5092215804097,False
46.58933201058388,-124.32268459978145,1995-11-22,nominal,7.57296437681845,322.24623146764395,False
45.88961850609684,-118.97291325112982,1991-09-22,nominal,16.87680175483186,306.18200895533226,True
47.934878242261696,-120.2944282124833,1997-09-08,high,36.4985635759393,288.36345859562607,True
45.755529621530016,-118.1742978003069,2009-09-29,nominal,68.91949949659961,315.09120719501874,True
47.30260056339827,-123.74160505335352,1997-10-05,high,90.5565620406309,310.7845778434068,False
48.9885711143313,-118.54353021695107,2019-06-20,high,60.926464548402215,310.5373751329987,True
48.35633713249082,-123.25109535202138,2015-03-01,high,131.97068672744444,324.55937475764364,False
47.6686592562793,-123.55220837307496,1997-01-11,nominal,67.1126316218163,316.38652625472855,False
46.59963752792167,-123.54737222240722,1993-07-31,high,18.28346986617984,305.23620351479923,False
47.69867959356907,-118.39042246856513,2014-03-24,high,15.399768841088118,302.9358696604095,True
47.36356346513431,-119.57498603987914,1997-04-14,nominal,59.568041912204386,312.37388643015043,True
47.014248508260685,-120.70209118158088,1996-09-13,nominal,10.713561890502492,305.93587237810357,True
45.99225790352109,-122.00447426090062,2017-08-28,high,4.864922349473365,314.27602375972384,False
48.60765058473201,-117.89379971135205,2000-03-19,nominal,37.98816624112072,325.2614204440197,True
47.09625488492178,-121.7379102981385,2018-01-12,nominal,86.19800502221709,301.2021758840055,False
46.213393890899845,-118.3743664449904,2016-06-23,nominal,5.3447425223755705,315.8777943480897,True
46.81244735403542,-121.36766017503817,1998-08-29,nominal,78.48474269877913,324.1504998266939,False
46.972888943750085,-121.86083067466048,1993-02-14,high,83.45196655095731,314.1381266418189,False
48.40328111866138,-121.18094929964002,2013-02-27,nominal,32.91545671782507,322.21580895117654,False
48.07830575674245,-122.46007345787835,2017-06-25,nominal,2.9509058661112983,312.1272750788454,False
48.20179493199903,-118.92145761520233,1998-08-19,nominal,9.59374330910828,316.7082807942364,True
45.57816817492312,-120.86342730656663,1999-12-10,high,61.45192966706189,319.4078493234218,False
46.979892833701975,-123.00855332748573,1998-10-17,high,62.20120357978883,309.2799756173687,False
47.20545076465822,-117.71637363393268,2006-08-23,nominal,114.31358178284532,334.9067601719,True
45.606405277807774,-121.80574261451044,2022-08-25,nominal,43.69583470636663,320.7758018033192,False
46.43895370225782,-120.53962581136607,2004-08-21,high,6.625588072043241,328.0298549871692,True
48.17060278800259,-117.66167616005114,2009-09-07,nominal,6.472125632403612,325.7102394636077,True
46.01439958182234,-119.89979269240204,2001-06-17,nominal,63.850900442601976,318.2728926928341,True
47.39217305482597,-123.92299853718266,1991-04-21,high,10.15385340159709,328.85789422359807,False
46.28459847717964,-117.39713125974514,2011-01-15,nominal,19.903538160434035,316.87914711191917,True
45.58193788026787,-119.87227513914365,2015-02-07,nominal,33.39463940420542,307.70224716825635,True
46.374557043294416,-122.1941984757693,1993-04-22,high,1.2538342926310093,315.1481923156296,False
48.91652319198879,-123.74557246377934,1995-05-15,high,14.305434012131968,304.9383308758487,False
48.31331840711515,-118.55338024908656,2000-07-18,nominal,26.20310946829072,293.98295671890196,True
48.86013518935078,-119.93282304548688,2023-08-20,high,16.39995406474442,306.47457756940975,True
47.227974991985214,-120.61965354062777,2013-07-20,nominal,7.330561090795587,315.72881532970877,True
45.919687247424164,-117.7614318164059,2009-08-05,nominal,65.09991395644064,325.6192478548808,True
47.43593983184898,-118.59642411498947,2019-09-25,nominal,83.87182869272428,306.44480795423647,True
47.112145577577465,-123.64721820371928,2006-01-24,high,14.885204687409844,325.1016245352715,False
48.46147550627907,-122.3780440023813,2009-01-24,high,74.45390876769852,302.89317014193125,False
45.87936572951349,-122.87948112127128,2009-08-15,nominal,24.351676061535148,305.8047753386055,False
47.22931433409535,-118.95050589989867,2011-09-17,nominal,35.330448344403884,329.49156603396455,True
46.05916837984118,-124.58408779254526,2004-08-22,high,96.89747219848897,315.476210199625,False
46.663378707039605,-120.33077479897045,2012-09-11,high,69.30545527452028,313.26378054715354,True
48.091255487761785,-118.80370262207633,1997-06-30,high,81.76775687759053,317.35279989907826,True
47.18702272761593,-117.89724850047932,1999-08-28,nominal,7.358059549875135,302.93596749281954,True
46.84057346660436,-122.13729173268285,2012-03-31,high,3.6134522841504304,311.6915187142618,False
46.90488792385232,-118.33742957395094,2002-09-04,high,111.93580655805823,315.0266115812655,True
47.12968581868471,-123.97269032594521,2002-04-22,nominal,24.537611588772926,327.3138093617943,False
48.25615724167622,-118.13763332654527,2011-09-18,nominal,16.97541951862224,298.295828606986,True
48.62661302373321,-123.83901490770738,1997-09-09,nominal,64.4940130451489,332.6299031537577,False
48.84545801530359,-121.69951178585629,2008-03-09,high,90.52130964878671,313.7535226167496,False
48.26268571644332,-118.52744774936814,2013-08-24,nominal,99.20279438102492,303.8944375103299,True
46.63130785928812,-123.66115480112423,1999-09-07,nominal,18.98965908634204,302.08365283865606,False
47.920946083059434,-123.03203643580515,2006-08-13,nominal,95.59895558061679,317.7314931700421,False
47.054106809231655,-119.12253713264299,1991-08-23,nominal,2.089766338886273,301.5279051993147,True
46.42116035227934,-119.14011026518963,2023-11-13,high,2.5468516538452444,309.398764549069,True
48.44941566481369,-119.76569927121959,1994-09-06,nominal,48.84441081200808,312.50096939122204,True
45.67295516740965,-119.3469888353759,1995-05-25,high,3.2592762061059086,326.43675739404824,True
48.66009649278857,-120.54619516425356,2013-08-12,high,19.623187302821098,325.18453459263975,True
47.13671202760158,-122.85323346286786,2006-10-26,high,55.85245834699013,308.57007609881043,False
47.74471710975665,-122.10863077151392,2022-11-23,nominal,20.569146399786494,312.87316829779076,False
47.82136457083201,-123.40993010576469,1997-09-20,high,9.898149318871651,299.0461509982425,False
48.63710738284462,-117.64598704862433,2012-06-01,nominal,16.519084614680747,294.60904486756283,True
47.742877100298536,-120.22370306750466,2020-07-25,nominal,30.58530322503813,302.7094755240738,True
47.66421020326981,-121.67124826506434,2001-08-29,nominal,32.25461245948954,326.23097361325813,False
45.77061606033999,-121.18629397710203,1998-07-17,high,76.3929495779192,322.8008072222146,False
47.3336917559304,-117.33804311687831,2019-06-08,nominal,69.34537333783983,318.83436262596615,True
46.059584742826964,-123.63392337328948,1995-02-07,nominal,30.51552402200155,300.4237551337942,False
48.09152083977634,-120.2011974321068,2023-06-22,nominal,93.43224676900415,307.88340422608854,True
47.312287846011856,-120.83830277644618,2009-05-25,high,6.06530074911376,306.4217897182138,True
47.893588116060904,-120.00116791300324,2001-09-17,high,14.742273436279085,313.34001629379435,True
45.684188236084246,-124.70638624230072,1996-07-12,high,88.0061985713624,312.7094644336788,False
45.83338037551848,-117.93405740207288,2000-10-10,nominal,23.74028010432798,304.9804314330417,True
48.01847892269688,-117.45830201990495,2002-06-09,high,198.64589873540143,318.49216807898546,True
45.789411802555406,-120.36849385413757,2004-11-25,nominal,31.391693125986027,317.2894638020424,True
45.78654827806779,-119.32555896665625,2010-07-13,nominal,78.4953871092851,307.7117690090705,True
45.58189532431271,-117.53457990726405,2009-02-10,high,25.733905200916556,318.04278391632533,True
48.8494948381162,-119.24159762989476,2008-09-07,nominal,27.66522025193544,326.2428536833052,True
48.091778923728164,-123.6403653896899,2010-12-23,high,24.134844224507475,329.28060777123244,False
46.76224987341714,-120.28003330387718,2007-09-23,nominal,63.48348790018403,319.9066215660986,True
46.56601311125529,-120.03874968218395,2014-09-30,high,39.65035197038601,319.61267943409354,True
46.74997317492064,-121.48664377657208,2012-05-27,nominal,143.92245602389917,312.5986108597569,False
48.22030121788689,-119.00999721149594,1997-07-30,nominal,14.443493315591493,325.2971289553516,True
47.82834231430363,-117.44046957288171,1993-02-11,nominal,5.299298454177077,304.29648548660214,True
46.18077666482144,-117.51024169264926,2019-05-08,nominal,24.982868171834077,324.13850143408166,True
46.14241830025593,-121.27484378476522,2001-04-10,nominal,47.94852302054979,312.12395265819197,False
45.88044894800835,-123.95202229648281,1999-05-14,high,98.59179470048257,329.9093682720173,False
47.82464741016663,-117.0402092922287,2002-06-28,nominal,21.24745114097487,320.88206407040076,True
48.18472941128721,-118.19753817448374,2020-07-04,high,53.035018377277055,314.321337689269,True
46.457060642004514,-123.8614249380581,2000-09-11,high,21.554431296479486,312.63512351095727,False
45.612469565166954,-117.54772387084424,1999-12-17,high,48.01468889798576,320.2561285444844,True
45.824313969468434,-117.95172184884733,1998-02-01,nominal,108.05772588704814,319.77124347686055,True
48.888795720563806,-120.73561420699025,2006-03-27,nominal,13.156474605836591,311.01656995499474,True
46.56223893007187,-120.1611857945427,2017-06-30,nominal,25.89600669533137,315.9183575826835,True
48.201512091519945,-121.68590855830986,2023-12-27,high,250.02333175302894,323.963900873486,False
47.70133594823575,-124.41574020414129,1990-10-04,nominal,101.45910981646584,301.3664374211975,False
46.86151115319902,-122.191885873748,1995-06-23,nominal,41.579083877099244,322.25878220553716,False
46.25167792719662,-118.48337215261778,1993-05-12,high,36.34839455319659,320.21214578359354,True
45.95999700683154,-124.8132680575735,2007-05-09,high,16.745699327513147,326.8664747556149,False
47.66794486941448,-122.20535156848922,2022-09-14,high,36.40861585347018,307.8434629869676,False
48.220232881006744,-121.69252225982382,2000-03-24,high,94.25347696169271,315.0571608609289,False
47.76790871725231,-120.58845286870226,2023-09-22,high,57.78684020413126,317.05068376004897,True
47.374845381042086,-117.5555449618468,1997-08-08,high,17.12761611939303,322.38796517200234,True
45.68515123307346,-122.10347626467792,2001-05-15,nominal,11.24875644729233,319.29116929161,False
48.89097117047657,-122.09866110896292,2011-08-20,high,15.408427191586183,302.60444901187725,False
48.303551103124825,-119.0016151024897,1995-07-03,nominal,9.301975073199612,317.91044032861646,True
46.55316424698534,-121.26391172874382,2021-04-14,nominal,5.026426870278314,335.0422877427041,False
48.93069733958162,-123.06888375408595,2023-09-11,nominal,27.161946450985663,321.11757575961315,False
47.62251030014168,-121.26215463706774,2010-08-21,high,6.012406322284028,331.380469445366,False
47.555182397397076,-123.73300382838818,2018-10-04,nominal,9.431826178154273,325.4306137729481,False
48.128333200826184,-123.45125119700565,1997-10-12,high,39.62900764765304,328.6240193543841,False
48.348723466791874,-120.89794356217593,2001-07-10,high,8.992187875752629,318.099686609847,False
47.811415981367,-121.52792118542894,2022-03-05,nominal,3.30056785772697,320.21845109612116,False
45.98321128242705,-117.59527200452997,2021-09-25,high,19.09149540404004,317.55517756641376,True
46.71040557074097,-121.9762163800051,2013-11-29,nominal,12.443527190022747,315.0434086504952,False
48.75116939552813,-120.24593438229512,2019-10-22,nominal,36.211791985222185,322.42194980069104,True
46.31717001697973,-119.83614419679812,2020-06-05,high,5.399703720639945,309.78998060992797,True
46.827697902477794,-124.74616095925451,1999-03-18,nominal,69.67013582265639,333.85382316014636,False
47.03498601498692,-119.58814863990749,2014-08-09,nominal,118.34739184447433,305.7198703231173,True
47.0603412643428,-123.43817478272287,2016-09-25,nominal,68.01869565943473,323.1138811991716,False
47.66077095543106,-117.22871238246722,2010-07-20,high,38.0527860146482,328.7867141730359,True
48.80304239859669,-123.67110456891781,2020-07-12,nominal,98.54472127553528,313.23378246039596,False
46.37279678294047,-121.5620306988447,2005-07-09,high,59.35879654507096,303.8702268886184,False
45.96039476200117,-124.17317713213635,2001-08-07,high,0.53035901030854,326.55529589282355,False
46.22324789491538,-116.94478718286165,2011-09-13,nominal,25.05120354671746,317.0339531005026,True
48.608760154724074,-120.86759356807325,2012-02-03,nominal,95.17431011797919,323.1331607260174,False
47.77450541178701,-120.12859681265205,2009-09-13,high,21.221606865792413,313.90545401162683,True
46.52923749076749,-124.31808353430976,2009-12-22,high,1.7925090126520695,332.319246823224,False
48.363176408831414,-118.90281346973453,2025-06-01,nominal,68.55642502847132,293.8299194779365,True
48.52034018741749,-123.18544864675201,2021-03-09,nominal,80.98407756131614,318.76177551283735,False
48.468939611868365,-117.72842948473514,2006-09-26,high,8.753020842242142,328.41749483751596,True
48.71948580639286,-123.22324265097768,2000-04-05,high,38.53819548969052,316.05339044829395,False
46.412753929799834,-123.33784637513712,2025-02-20,high,10.656903611198425,318.02358693016913,False
48.152445073462125,-124.5601611339646,2018-07-26,high,63.51175946434729,310.6598818743299,False
47.13346666056852,-121.10650912527771,1998-09-11,high,15.8418457369941,315.2068850786662,False
48.453314992999616,-120.37080981322745,2016-06-23,nominal,19.00559587493586,298.28143386863695,True
48.060577742979184,-124.32893048933316,2021-07-25,high,93.20710693543927,307.8156866738031,False
48.22650816488905,-118.70006599960857,1997-08-26,high,32.34394799634217,307.1324487289777,True
47.81031995837651,-121.25541954044814,2003-10-17,nominal,55.395940699991264,321.691239910293,False
46.153903542365185,-120.6915851642323,2010-05-03,nominal,25.739427516718948,309.28630240712266,True
47.42579313938341,-121.35475141677985,2013-07-24,high,17.69158215431533,309.5752445006018,False
48.946957298754796,-121.67194892725867,1995-07-08,high,49.10524470475268,311.2207663971486,False
48.783362710080034,-120.41205217272584,2017-06-29,nominal,8.41250572210709,307.51355297484685,True
45.68938112585766,-123.61894484976945,1993-01-03,high,23.340423804772186,317.690222692617,False
46.11025926242385,-123.4073099251725,1999-05-20,high,11.725206790373925,318.7763146943291,False
45.995781556152785,-118.01604002536281,1991-07-18,nominal,59.50266770314335,323.25018579721757,True
48.05189048854912,-117.3473043852803,2019-08-13,high,144.3069907719917,321.5275008228794,True
48.36953724130503,-121.88965712190155,2014-12-02,nominal,270.30590971029,320.527577449847,False
46.27874932743492,-122.70299474197161,1990-07-07,nominal,29.91702095806942,311.71031666002557,False
47.29025031761333,-119.7430836221146,2023-07-03,nominal,14.553081478788327,311.0689624966212,True
48.44883247691875,-121.60873802319209,2022-09-18,nominal,29.2441874566974,306.28788997651543,False
48.07549334489123,-124.64868619961346,2017-12-12,high,93.95398795684619,306.107563111059,False
47.416140731001796,-123.6117099028861,2004-10-23,nominal,11.533948479467067,316.9426140967926,False
47.582603008987356,-119.17234022524013,2019-07-13,high,151.92744994985276,307.80583959219916,True
47.29892749233033,-119.6247331406525,2019-06-16,high,20.91731848373692,329.6832413335596,True
46.56951764156312,-124.63512877944737,1995-11-01,high,212.7385527677613,314.6249917692551,False
47.494976095292195,-123.08976075587171,2004-05-09,high,91.19622949643104,330.0139010715954,False
47.92354314509331,-123.01757686305659,2013-05-29,high,82.66179313695149,320.71767054571166,False
48.56169728887839,-119.52189054326209,2008-09-15,nominal,19.129292819012335,307.2276356552829,True
47.7415680847682,-124.69369543560789,2004-03-13,nominal,0.44079792820880015,314.3795381141818,False
48.17348051816933,-124.02441894486232,2005-10-25,nominal,24.074095373949746,298.2654765888228,False
46.09384785694282,-118.50666544299061,2019-01-23,nominal,17.963155207078508,316.90425355065287,True
47.13698886149247,-123.43414082990913,2024-02-01,high,1.9057097797423193,308.1423159215468,False
45.572287404601745,-119.67372336473463,2020-06-23,nominal,35.196784036043326,303.86541991784736,True
46.39350887124481,-122.96121054629945,2010-08-31,high,25.794530733737037,330.22146758548047,False
48.053557534290995,-124.06142975541839,2011-06-03,high,50.33217531163324,325.3058774098429,False
48.9716624316688,-122.92164452537432,2010-02-20,nominal,48.535540503497245,325.03038978762464,False
45.88315622457176,-119.12242323038463,2019-06-25,nominal,6.434109076489881,322.82111276650943,True
46.929170332880055,-118.06432700791716,1990-09-03,nominal,188.53820947164164,302.6511095587422,True
48.308245551699095,-118.26635647398376,1994-02-06,nominal,10.346991518025977,310.99520507193165,True
46.24596329581599,-121.70033461012565,2018-05-04,high,29.464051273969144,311.6049635853011,False
47.46059392458591,-119.55208486699478,2021-08-12,high,33.48301286592403,297.90262925901067,True
48.07642668426267,-123.22447453735253,2004-10-23,nominal,83.84912662524717,309.4299890515601,False
47.67130965790022,-122.52533849903016,2018-11-04,high,5.225243874065816,309.53902024382955,False
46.19056558176934,-117.74205695912752,1998-01-30,high,27.987164233885874,316.25998947494963,True
46.76963060765266,-124.74689474655986,1993-05-23,high,49.51061283307928,340.32387600238343,False
48.25191957431947,-124.17191735032407,2015-02-04,nominal,12.113491247988309,314.79103723395264,False
47.45762373889678,-123.201461996692,2002-12-11,high,49.37160335332082,316.26514454569667,False
45.55809446285848,-124.6395996232806,2000-11-09,nominal,128.63108010757364,312.49789727235856,False
48.17302802969721,-123.4112169997379,2005-07-27,nominal,299.93717215916604,322.37712880053743,False
45.662177288093226,-120.22648042151035,1997-09-27,high,1.649464436601213,304.26082791354224,True
48.120238888250064,-121.50810331380148,2000-02-19,high,13.432433337035848,333.9603749515394,False
46.24058273817172,-117.7711133311596,1990-08-08,nominal,18.5754437912728,313.7584079253318,True
48.85493424121306,-118.36767255541416,2000-08-11,high,25.468509208691753,311.04810166968934,True
46.81307499950521,-122.13938840103584,1994-05-08,high,13.870560446409334,324.700370736638,False
46.671183392529755,-122.79277217288984,2023-01-18,nominal,11.375653849824488,306.09077407955147,False
46.055152654150255,-121.83903920323357,1996-06-26,nominal,154.5613501785829,322.1925098305533,False
46.597390585596145,-120.16896110585758,2022-09-26,nominal,125.37086792700495,329.05170055595363,True
48.573211635925574,-122.72425532827458,1991-03-13,nominal,2.4066253263454085,312.5865722759699,False
48.98731680819028,-119.90049916075637,2010-09-23,high,20.68593035632124,335.5284161307987,True
46.814350975553694,-121.60336559812346,1994-04-06,high,25.97217873285023,321.44291526261253,False
47.09219278310272,-120.4722658558438,2010-09-23,nominal,13.65705103662355,321.5669425966443,True
48.03836544618147,-121.39151662395693,2022-12-29,nominal,49.56053396640058,328.6586533518599,False
48.60623740040916,-122.51488652683258,2010-06-25,nominal,51.13547183920647,331.30734954636375,False
47.59193339628627,-117.3287652757901,1997-06-17,high,95.02435848428999,317.61838986406383,True
46.89467891569529,-118.7946060523131,2000-09-17,nominal,67.52112946796302,322.96905441376936,True
46.96767156933624,-123.73890251617203,1990-07-02,high,39.1069342316795,328.9634149316093,False
47.94683878687895,-117.96304895112955,1991-08-08,nominal,53.006145515538314,303.38188923638563,True
45.5511351920708,-120.98467059788135,2008-04-23,nominal,16.009490592832154,297.70497600367355,False
47.683779107611045,-117.75620084072986,2005-03-28,nominal,44.95400809792021,314.42446079594094,True
46.770005816127096,-118.50714782033779,2006-07-19,high,33.59152566180831,297.4650864258062,True
48.28792276621871,-121.47805690955897,2010-12-13,high,7.155684531334991,311.8600490369205,False
45.86174761378803,-124.67181838502147,2005-04-07,high,13.889509712077505,318.1437353419914,False
47.57517984364143,-122.71938854007738,1994-05-09,nominal,17.243914989503324,312.24361233944876,False
47.20416619900599,-120.55484067773932,2017-07-06,high,129.05517538344688,313.5840695189631,True
47.76244631963208,-119.82651771677865,2014-03-27,high,13.093350965800553,304.98333486379073,True
45.76439343691107,-122.8049506545147,1990-06-09,nominal,17.07129749858519,322.88143543970943,False
47.546743904501334,-123.7449063326025,2023-04-03,nominal,23.050539720552365,304.3653663287766,False
47.482736674339954,-118.22900322218156,2007-12-13,high,54.49393765665626,293.97098268944967,True
47.47988392667995,-117.04369070702083,2015-03-14,high,6.291677287942488,312.9266122746678,True
47.62806732642373,-120.6812768543397,2025-07-13,high,153.89617792329307,324.15019924919955,True
47.880579062803214,-123.48858326322295,2008-09-29,high,100.33603688086512,315.7983079188298,False
48.325261938895466,-122.6906029007014,1996-04-26,nominal,43.04470206700267,303.35202984919766,False
46.47357969164362,-124.70416193497859,1993-05-13,nominal,56.04870310537644,316.0195096740634,False
48.39467095922301,-117.59961046397524,2021-06-09,nominal,0.8400408953309001,319.3830370476835,True
47.26396466063155,-123.91623391268118,2005-04-22,high,20.69589477462017,315.9031669151893,False
45.80662164580478,-120.27822434917196,2008-07-28,high,79.39855673157432,312.35415753111414,True
45.74258621518417,-122.67674209995046,2005-04-17,nominal,4.032472332207799,319.8603868164275,False
46.69646458268837,-120.45536844004975,2017-06-10,nominal,16.586145024439052,297.61573097179854,True
48.255743540805675,-119.68423632036972,2022-08-12,high,44.00961318311894,306.0604460923742,True
47.98857603420357,-118.2701474966019,2005-07-04,high,14.813477152779539,301.9479190219469,True
48.268607777766526,-123.21307931493841,2023-07-04,nominal,135.88834337732493,328.4838637198816,False
47.32975093528797,-124.76280307873824,2003-07-17,nominal,7.023981263643258,322.12031720988386,False
47.063088532925995,-123.76449695355436,2011-09-15,nominal,79.82469195619085,316.8512503431402,False
46.05018574240374,-117.71285217014453,2016-06-15,high,35.4586141592016,300.49378346647194,True
46.67554692748822,-117.92005168492925,2001-08-24,high,69.3809170236851,322.4414778894812,True
47.04170700696161,-120.11251409978945,2014-08-02,high,18.605046342085057,328.86540134991816,True
45.846557486691474,-120.08790129676113,2013-07-22,high,36.127728751351256,320.71494736463563,True
46.30331735638079,-119.57625917084819,2015-09-08,high,97.1879955269113,314.6482258349644,True
47.609859517460535,-123.45930576051605,2009-08-10,high,31.45025869398316,321.31718031850613,False
48.0853943752676,-117.59871326881508,1992-09-05,nominal,22.292474131640788,317.7291611425269,True
48.9942823894196,-121.52914973760586,1994-12-15,nominal,38.410283350374264,324.26076233639736,False
48.76857212644871,-121.81171147098148,1998-09-03,high,63.17955082065217,324.0368564179295,False
47.763275590391764,-120.73498259710709,2016-09-17,nominal,29.31009715672619,312.78934463389675,True
46.99751826439749,-124.4775598834738,2018-11-03,high,139.7433322437601,308.3935861711589,False
47.74117368189049,-123.53137288576428,2007-05-24,nominal,17.47403168961541,311.00177059313825,False
48.2583545985576,-118.99739342173888,2001-06-21,high,32.26202329434393,320.3585033500493,True
45.94944322059492,-124.19340656335375,2014-09-01,nominal,70.71980908807659,311.60560348202193,False
46.95827091834916,-120.06700377193154,2023-08-18,nominal,58.41759005649345,307.49470381846174,True
48.445715908299235,-122.90438156022712,1996-09-03,high,99.62322748369208,314.99046628746794,False
46.86806201368833,-121.76288578064712,2007-09-17,high,287.37387776926505,326.0745693066895,False
47.51867805844606,-122.56065866740835,2014-11-11,nominal,27.831117407081006,316.35108067134064,False
47.5736819885832,-122.02951535843295,2006-04-18,nominal,5.891388820673101,312.2378200399957,False
46.17828783584239,-119.14796597188894,2004-06-12,high,1.5444021261154426,318.20431792946766,True
46.79333462811692,-122.49382479510822,2014-04-04,nominal,64.89163460790441,315.84039209049865,False
46.69740905904708,-120.35841120244561,2011-05-29,high,103.57909401837999,295.6636295899032,True
45.630640611520946,-121.07492031056114,2002-12-12,high,12.468767429154719,321.9675914301916,False
45.623703503064085,-119.58708765867419,1990-07-25,nominal,8.625375851889272,319.07458439947106,True
48.41767177111818,-117.42094016715467,2005-09-17,high,3.211200078238749,315.1617179894575,True
46.48482500250593,-119.04070326912272,2001-08-03,nominal,86.49642724921043,325.6235670072292,True
47.3325525311863,-123.1455227977753,2005-11-11,nominal,18.65342505690732,327.129993642502,False
46.57359048461716,-124.602717738964,2002-05-21,high,25.682889257558017,322.98768661473554,False
48.79475018809908,-122.77024612870238,2005-04-03,nominal,34.93313732933583,306.49699183964464,False
46.43716678567558,-120.13103200954697,2009-06-20,high,91.45850016061382,306.8428888937304,True
47.026612572076715,-124.44219329906988,2018-06-03,high,52.61027978718498,326.17335540001983,False
48.55964666667672,-120.9138156596942,2015-06-17,high,47.733991427330345,296.227760730548,False
48.45309014109966,-120.11703620808906,2022-09-06,nominal,9.659344564093157,313.5115248483789,True
46.18391090574812,-122.1994459458215,2012-12-20,high,35.99405766570371,319.3982580703108,False
48.31714585189316,-118.73666622429563,2004-07-25,nominal,62.83019477730032,297.49592264552496,True
47.12532662811311,-124.00467585264919,2006-09-05,high,181.0813865342131,317.343432388503,False
47.21107229741533,-124.25415739083503,2021-12-28,high,11.245149236325663,324.5442907658595,False
46.001840704559164,-119.07546316330543,1994-07-17,high,0.4794591336461196,300.14423929896526,True
45.81888123759965,-120.92075386248484,2013-09-19,nominal,3.914373436937103,331.5817020669416,False
48.058670002129226,-119.39096899632806,2012-09-27,nominal,23.56842522777925,304.9016992390109,True
47.25775558714933,-121.4018192048723,1995-05-03,high,85.89144179770784,320.7473624647703,False
47.05150343104852,-122.89603187641387,2023-02-08,high,0.35838542630353837,314.16403571641365,False
48.06409847113729,-118.35451862084359,2017-12-07,nominal,30.507496819475744,315.69515623700454,True
48.18867463050924,-118.510632079776,2022-11-01,nominal,19.966494505922093,302.16504864325844,True
46.08982226013596,-119.3410569861244,2012-09-03,nominal,2.695451944351832,327.6047296235306,True
47.65137901719264,-122.69188906176639,2007-04-20,high,29.91333525986915,318.2588346335023,False
46.008325124680795,-120.16947081172813,1999-06-20,nominal,14.701690594451078,331.2084017690316,True
48.1397577976605,-121.98747699726559,2000-05-24,high,21.684343682395035,302.42582779420974,False
47.813064840684305,-124.12375415851979,2023-05-08,nominal,61.143393991922224,313.18765366121306,False
48.84988658894876,-117.57570334658442,2000-06-05,high,36.86028116070654,317.0952923970221,True
45.77859473659321,-123.76502825681263,2014-12-21,high,6.656426774421452,315.60383147294925,False
45.73740933518334,-117.31461778420103,2018-06-09,high,162.7439884195816,321.6678534467242,True
46.51636727843847,-121.31317422044341,2012-01-09,nominal,50.51781461202343,313.06081458076125,False
