femaDeclarationString,disasterNumber,state,declarationType,declarationDate,fyDeclared,incidentType,declarationTitle,ihProgramDeclared,iaProgramDeclared,paProgramDeclared,hmProgramDeclared,incidentBeginDate,incidentEndDate,disasterCloseoutDate,tribalRequest,fipsStateCode,fipsCountyCode,placeCode,designatedArea,declarationRequestNumber,lastIAFilingDate,incidentId,region,designatedIncidentTypes,lastRefresh,hash,id
FM-5521-WA,5521,WA,FM,2024-07-26T00:00:00.000Z,2024,Fire,RETREAT FIRE,False,False,True,True,2024-07-23T00:00:00.000Z,,,False,53,077,99077,Yakima (County),24098,,2024072601,10,R,2024-08-27T18:22:14.800Z,e205f5a4b56cadd811661c07fc8a8143b6c8c604,bc02a243-2458-4af3-84e3-b9928bd1d41d
FM-5518-WA,5518,WA,FM,2024-07-24T00:00:00.000Z,2024,Fire,SWAWILLA FIRE ,False,False,True,True,2024-07-17T00:00:00.000Z,,,False,53,000,14240,Colville Indian Reservation,24096,,2024072501,10,R,2024-08-27T18:22:14.800Z,10b708f6fa7a3b9f114f2fb414b7fddb5459eefe,234f8a8c-91e7-4c3a-8fa4-95a9febd31b7
FM-5518-WA,5518,WA,FM,2024-07-24T00:00:00.000Z,2024,Fire,SWAWILLA FIRE ,False,False,True,True,2024-07-17T00:00:00.000Z,,,False,53,019,99019,Ferry (County),24096,,2024072501,10,R,2024-08-27T18:22:14.800Z,1d8354897e36fb04ed1b8a480d2e065ab6b9d9a6,c0f74948-1888-46f1-b6bd-a396762f9039
FM-5518-WA,5518,WA,FM,2024-07-24T00:00:00.000Z,2024,Fire,SWAWILLA FIRE ,False,False,True,True,2024-07-17T00:00:00.000Z,,,False,53,047,99047,Okanogan (County),24096,,2024072501,10,R,2024-08-27T18:22:14.800Z,874d39c0964009110ef7dbac3c6e01bf22c69380,b17a068f-2f8c-4ff2-b26c-ec654f079e60
FM-5517-WA,5517,WA,FM,2024-07-23T00:00:00.000Z,2024,Fire,WEST WHITE SWAN FIRE,False,False,True,True,2024-07-22T00:00:00.000Z,,,False,53,000,79995,Yakama Reservation,24094,,2024072302,10,R,2024-08-27T18:22:14.800Z,6f6648e1f06f052f571652f63d1d740071da4652,0a4a121f-2abb-42a9-a200-e0db24d65e01
FM-5517-WA,5517,WA,FM,2024-07-23T00:00:00.000Z,2024,Fire,WEST WHITE SWAN FIRE,False,False,True,True,2024-07-22T00:00:00.000Z,,,False,53,077,99077,Yakima (County),24094,,2024072302,10,R,2024-08-27T18:22:14.800Z,bbd24aed306020b5c72c2eb154b548d22e9ab617,a883a7cb-dc63-4f3f-9cbe-f1ff52194ae3
FM-5499-WA,5499,WA,FM,2024-06-23T00:00:00.000Z,2024,Fire,SLIDE RANCH FIRE,False,False,True,True,2024-06-22T00:00:00.000Z,,,False,53,000,79995,Yakama Reservation,24071,,2024062301,10,R,2024-08-27T18:22:14.800Z,c4a549a55408c0f6a88c12d86eef57731f6793a1,7507247f-5c65-41b8-84a8-8dfb2551270f
FM-5499-WA,5499,WA,FM,2024-06-23T00:00:00.000Z,2024,Fire,SLIDE RANCH FIRE,False,False,True,True,2024-06-22T00:00:00.000Z,,,False,53,077,99077,Yakima (County),24071,,2024062301,10,R,2024-08-27T18:22:14.800Z,c805e09a9861c1c6f8ba7bfced067c50e71f0f00,9265718b-d2b6-4169-8cb8-723f6aff39d3
FM-5481-WA,5481,WA,FM,2023-08-19T00:00:00.000Z,2023,Fire,OREGON FIRE,False,False,True,True,2023-08-19T00:00:00.000Z,,,False,53,063,99063,Spokane (County),23103,,2023081903,10,R,2024-08-27T18:22:14.800Z,a4dcabf48cbe16eda0031688b928dab9e1d9dd0e,8f9cd7bd-8490-490f-b57c-6081b4ffff0b
FM-5479-WA,5479,WA,FM,2023-08-18T00:00:00.000Z,2023,Fire,GRAY FIRE,False,False,True,True,2023-08-18T00:00:00.000Z,,,False,53,063,99063,Spokane (County),23102,,2023081901,10,R,2024-08-27T18:22:14.800Z,38f88cd52483be74c5ace8f57cb8f88ded375620,66f8e150-aefb-4921-a078-d5cc3529442f
FM-5472-WA,5472,WA,FM,2023-07-30T00:00:00.000Z,2023,Fire,EAGLE BLUFF FIRE,False,False,True,True,2023-07-29T00:00:00.000Z,,,False,53,047,99047,Okanogan (County),23080,,2023073001,10,R,2024-08-27T18:22:14.800Z,4b8147495c2a118797d18b69ef4f2f2b07d1eadb,b4218334-de0b-416d-80c1-cb756efd7f18
FM-5470-WA,5470,WA,FM,2023-07-23T00:00:00.000Z,2023,Fire,NEWELL ROAD FIRE,False,False,True,True,2023-07-21T00:00:00.000Z,,,False,53,039,99039,Klickitat (County),23074,,2023072301,10,R,2024-08-27T18:22:14.800Z,29c8700c5d87ae3209b91b3ce92c7487273d6c0a,8f875c85-4163-4fdb-8653-b9214676af41
FM-5469-WA,5469,WA,FM,2023-07-11T00:00:00.000Z,2023,Fire,BAIRD SPRINGS FIRE ,False,False,True,True,2023-07-10T00:00:00.000Z,,,False,53,025,99025,Grant (County),23071,,2023071101,10,R,2024-08-27T18:22:14.800Z,87c023fadb47757f65a024f9cbbb81da8f94fd0e,05824101-6a30-42ff-96e5-1fc526312b8d
FM-5468-WA,5468,WA,FM,2023-07-05T00:00:00.000Z,2023,Fire,MCEWAN FIRE ,False,False,True,True,2023-07-04T00:00:00.000Z,,,False,53,045,99045,Mason (County),23065,,2023070501,10,R,2024-08-27T18:22:14.800Z,dabc055801e32a409fc4b09416e0300197e6be98,83368755-fffb-4dd9-9f7f-1131d91df50e
FM-5467-WA,5467,WA,FM,2023-07-03T00:00:00.000Z,2023,Fire,TUNNEL FIVE FIRE,False,False,True,True,2023-07-02T00:00:00.000Z,,,False,53,059,99059,Skamania (County),23064,,2023070301,10,R,2024-08-27T18:22:14.800Z,5359f2c2bc2af43919688d146962f1b711c6feb0,5545e21f-a20a-4ba2-bf64-b4df31be40ba
FM-5456-WA,5456,WA,FM,2022-10-17T00:00:00.000Z,2023,Fire,NAKIA CREEK FIRE,False,False,True,True,2022-10-16T00:00:00.000Z,2022-10-22T00:00:00.000Z,,False,53,011,99011,Clark (County),22097,,2022101701,10,,2024-08-27T18:22:14.800Z,f7a2b55bd71a46adff580dcd5808d2c46cde5e37,d7d1979f-dd00-4491-b296-c516989957d1
FM-5456-WA,5456,WA,FM,2022-10-17T00:00:00.000Z,2023,Fire,NAKIA CREEK FIRE,False,False,True,True,2022-10-16T00:00:00.000Z,2022-10-22T00:00:00.000Z,,False,53,059,99059,Skamania (County),22097,,2022101701,10,,2024-08-27T18:22:14.800Z,a75bc8ac9c95e0d9b552ff2bfc1d7ba3d8d3a113,4b793309-fd2f-410d-a0dc-e02e261489e1
FM-5455-WA,5455,WA,FM,2022-09-10T00:00:00.000Z,2022,Fire,BOLT CREEK FIRE,False,False,True,True,2022-09-10T00:00:00.000Z,2022-10-24T00:00:00.000Z,,False,53,033,99033,King (County),22083,,2022091102,10,,2024-08-27T18:22:14.800Z,06f5319684589388b0cff65409a36745870744bb,3de7f153-7d4d-410a-8cfa-8ed3b72ddfbd
FM-5455-WA,5455,WA,FM,2022-09-10T00:00:00.000Z,2022,Fire,BOLT CREEK FIRE,False,False,True,True,2022-09-10T00:00:00.000Z,2022-10-24T00:00:00.000Z,,False,53,061,99061,Snohomish (County),22083,,2022091102,10,,2024-08-27T18:22:14.800Z,1c0ae8af0c7cd40f21d3d2cc21d86fbd1ec83f7e,e40e9429-e7d7-4379-b938-b434c2a2dd0d
FM-5447-WA,5447,WA,FM,2022-08-04T00:00:00.000Z,2022,Fire,LIND FIRE,False,False,True,True,2022-08-04T00:00:00.000Z,2022-08-05T00:00:00.000Z,,False,53,001,99001,Adams (County),22068,,2022080501,10,,2024-08-27T18:22:14.800Z,2282bd8d71330aaf04b955aa89a02bb991fff766,c0530918-fd92-4afa-836a-2dc2be5b645b
FM-5415-WA,5415,WA,FM,2021-08-19T00:00:00.000Z,2021,Fire,SCHNEIDER SPRINGS FIRE,False,False,True,True,2021-08-19T00:00:00.000Z,2021-09-27T00:00:00.000Z,,False,53,077,99077,Yakima (County),21080,,2021082001,10,,2024-08-27T18:22:14.800Z,10096ac70f15db989df37c49b052dd7984987f46,de16624d-ad84-4b87-bc05-5ba79cf1d6f8
FM-5414-WA,5414,WA,FM,2021-08-18T00:00:00.000Z,2021,Fire,TWENTYFIVE MILE FIRE,False,False,True,True,2021-08-17T00:00:00.000Z,2021-09-13T00:00:00.000Z,,False,53,007,99007,Chelan (County),21075,,2021081802,10,,2024-08-27T18:22:14.800Z,bfd2643759f8fe070748ec7dd7b8a595bab8da70,e11e0d93-22ea-467d-9d12-9e767edb4cd9
FM-5411-WA,5411,WA,FM,2021-08-16T00:00:00.000Z,2021,Fire,FORD CORKSCREW FIRE,False,False,True,True,2021-08-16T00:00:00.000Z,2021-08-29T00:00:00.000Z,,False,53,065,99065,Stevens (County),21071,,2021081701,10,,2024-08-27T18:22:14.800Z,d0e8f6c0411da06a9b496f107c1366f47ea4d667,954f0b1b-cb6f-4fa1-81e1-461c9f08ebb1
FM-5410-WA,5410,WA,FM,2021-08-16T00:00:00.000Z,2021,Fire,MUCKAMUCK FIRE,False,False,True,True,2021-08-15T00:00:00.000Z,2021-09-01T00:00:00.000Z,,False,53,047,99047,Okanogan (County),21070,,2021081602,10,,2024-08-27T18:22:14.800Z,17054f8eff58f4e738e1344b8d5c545d63f8042c,37cabfbe-375e-4ef8-a662-df6ef5a2cf0d
FM-5401-WA,5401,WA,FM,2021-07-20T00:00:00.000Z,2021,Fire,CEDAR CREEK FIRE,False,False,True,True,2021-07-19T00:00:00.000Z,2021-08-22T00:00:00.000Z,,False,53,047,99047,Okanogan (County),21058,,2021072002,10,,2024-08-27T18:22:14.800Z,9eadc3f65167f2e4a92d68aaa2f529986d189525,a8702373-f15f-494f-898f-8092889d25df
FM-5398-WA,5398,WA,FM,2021-07-14T00:00:00.000Z,2021,Fire,RED APPLE FIRE,False,False,True,True,2021-07-13T00:00:00.000Z,2021-07-20T00:00:00.000Z,,False,53,007,99007,Chelan (County),21054,,2021071402,10,,2024-08-27T18:22:14.800Z,85a7aa29d65cfa124611f99367a8b74bb16ebcbd,d91b92b8-d6f6-4424-87f4-a54612665654
FM-5397-WA,5397,WA,FM,2021-07-13T00:00:00.000Z,2021,Fire,CHUWEAH CREEK FIRE,False,False,True,True,2021-07-12T00:00:00.000Z,2021-07-26T00:00:00.000Z,,False,53,000,14240,Colville Indian Reservation,21052,,2021071401,10,,2024-08-27T18:22:14.800Z,4b71e6e6f7fa2139bba2702ffcec568ab3ee259f,938bb8f4-a4f7-4bce-8b7a-2b6ae44a3b46
FM-5395-WA,5395,WA,FM,2021-07-06T00:00:00.000Z,2021,Fire,ANDRUS FIRE,False,False,True,True,2021-07-05T00:00:00.000Z,2021-07-11T00:00:00.000Z,,False,53,063,99063,Spokane (County),21050,,2021070601,10,,2024-08-27T18:22:14.800Z,5f80ece143674c80dd6447839a98589291d2555a,fb4c1cae-422c-406a-b74a-a8d33d7fcf75
FM-5360-WA,5360,WA,FM,2020-09-09T00:00:00.000Z,2020,Fire,SUMNER GRADE FIRE,False,False,True,True,2020-09-08T00:00:00.000Z,2020-09-15T00:00:00.000Z,,False,53,053,99053,Pierce (County),20277,,2020090905,10,,2024-08-27T18:22:14.800Z,b29b099eacaa7f646288fa16077e55bd192fa780,147abd0d-50f2-429d-b88f-479fcda762ab
FM-5359-WA,5359,WA,FM,2020-09-09T00:00:00.000Z,2020,Fire,BORDEAUX ROAD FIRE,False,False,True,True,2020-09-08T00:00:00.000Z,2020-09-11T00:00:00.000Z,,False,53,067,99067,Thurston (County),20276,,2020090904,10,,2024-08-27T18:22:14.800Z,cda1b7baea0aa476a4961d698cfd92fb4206c286,4a49babf-fa5f-4521-ab7d-14fdb682c4ea
FM-5355-WA,5355,WA,FM,2020-09-08T00:00:00.000Z,2020,Fire,BABB FIRE,False,False,True,True,2020-09-07T00:00:00.000Z,2020-09-15T00:00:00.000Z,,False,53,063,99063,Spokane (County),20265,,2020090804,10,,2024-08-27T18:22:14.800Z,0e07c87a6a25cc23f1447ba26cc096aad8e19815,20bfed57-0954-453d-9696-ee25c6dfd56d
FM-5355-WA,5355,WA,FM,2020-09-08T00:00:00.000Z,2020,Fire,BABB FIRE,False,False,True,True,2020-09-07T00:00:00.000Z,2020-09-15T00:00:00.000Z,,False,53,075,99075,Whitman (County),20265,,2020090804,10,,2024-08-27T18:22:14.800Z,130fab14ab3492c64e72a686f96524376a405dc1,dcee9711-6b3f-4caa-9122-4343fcc4fbbf
FM-5352-WA,5352,WA,FM,2020-09-07T00:00:00.000Z,2020,Fire,APPLE ACRES FIRE,False,False,True,True,2020-09-07T00:00:00.000Z,2020-09-15T00:00:00.000Z,,False,53,007,99007,Chelan (County),20268,,2020090802,10,,2024-08-27T18:22:14.800Z,9a1f164bf07bf7bf29896ea64ed8891d57b3073f,4344f6e0-351e-4c26-b2d1-0be6f712d66b
FM-5351-WA,5351,WA,FM,2020-09-07T00:00:00.000Z,2020,Fire,COLD SPRINGS/PEARL HILL FIRE,False,False,True,True,2020-09-07T00:00:00.000Z,2020-09-19T00:00:00.000Z,,False,53,000,14240,Colville Indian Reservation,20267,,2020090704,10,,2024-08-27T18:22:14.800Z,12d608d76916a944ea9279ce369bc4ab667419ce,892b8aab-58b5-4826-a205-9e87d532311f
FM-5351-WA,5351,WA,FM,2020-09-07T00:00:00.000Z,2020,Fire,COLD SPRINGS/PEARL HILL FIRE,False,False,True,True,2020-09-07T00:00:00.000Z,2020-09-19T00:00:00.000Z,,False,53,017,99017,Douglas (County),20267,,2020090704,10,,2024-08-27T18:22:14.800Z,27edae0f67254e65f4922bf902a08ef14c50b34c,829ac59c-6d34-4a12-a6c2-c633dcd80823
FM-5351-WA,5351,WA,FM,2020-09-07T00:00:00.000Z,2020,Fire,COLD SPRINGS/PEARL HILL FIRE,False,False,True,True,2020-09-07T00:00:00.000Z,2020-09-19T00:00:00.000Z,,False,53,047,99047,Okanogan (County),20267,,2020090704,10,,2024-08-27T18:22:14.800Z,99aeb558f4b9e27a416765fe1abd4f73b9d599d0,5442c70a-f160-4ebf-9de5-66051e6c9430
FM-5342-WA,5342,WA,FM,2020-09-01T00:00:00.000Z,2020,Fire,EVANS CANYON FIRE,False,False,True,True,2020-09-01T00:00:00.000Z,2020-09-14T00:00:00.000Z,,False,53,077,99077,Yakima (County),20255,,2020090101,10,,2024-08-27T18:22:14.800Z,f765aeaf9d31a7dc3a990a85ea6173a395a63795,5b9ab170-d54f-4403-8e47-6fe671e4bb8b
FM-5337-WA,5337,WA,FM,2020-08-20T00:00:00.000Z,2020,Fire,PALMER FIRE,False,False,True,True,2020-08-18T00:00:00.000Z,2020-09-03T00:00:00.000Z,,False,53,047,99047,Okanogan (County),20240,,2020082101,10,,2024-08-27T18:22:14.800Z,c4e867e0ada646bfe5adb90cf57e87ed727c7f72,72e94374-1a5d-428b-a300-473da0ad85be
FM-5330-WA,5330,WA,FM,2020-08-17T00:00:00.000Z,2020,Fire,NORTH BROWNSTOWN FIRE,False,False,True,True,2020-08-16T00:00:00.000Z,2020-08-17T00:00:00.000Z,,False,53,000,79995,Yakama Reservation,20233,,2020081801,10,,2024-08-27T18:22:14.800Z,eff9ea0564963272b079452b6e8379c5a398baeb,701c2963-3a12-44ed-bd25-3938ff543404
FM-5330-WA,5330,WA,FM,2020-08-17T00:00:00.000Z,2020,Fire,NORTH BROWNSTOWN FIRE,False,False,True,True,2020-08-16T00:00:00.000Z,2020-08-17T00:00:00.000Z,,False,53,077,99077,Yakima (County),20233,,2020081801,10,,2024-08-27T18:22:14.800Z,fc1746d496f0568463cf7fc2a3841a11a16a79d3,282904d4-3618-456f-9097-0296ad2198b0
FM-5323-WA,5323,WA,FM,2020-07-28T00:00:00.000Z,2020,Fire,ANGLIN FIRE,False,False,True,True,2020-07-27T00:00:00.000Z,2020-08-01T00:00:00.000Z,,False,53,047,99047,Okanogan (County),20217,,2020072801,10,,2024-08-27T18:22:14.800Z,d6f7d389c0ad9808626942d47b9a9e1412ca62e3,fa4161bf-3547-4cdb-9f5f-b081e3bf60d6
FM-5320-WA,5320,WA,FM,2020-07-12T00:00:00.000Z,2020,Fire,ROAD 11 FIRE,False,False,True,True,2020-07-11T00:00:00.000Z,2020-07-15T00:00:00.000Z,,False,53,017,99017,Douglas (County),20210,,2020071202,10,,2024-08-27T18:22:14.800Z,dfbf478dadb58e7ba09c77bf7fc52e4b93e68140,e4f3da80-695a-4ca0-a034-13732f650ac9
FM-5273-WA,5273,WA,FM,2018-08-13T00:00:00.000Z,2018,Fire,BOYD'S FIRE,False,False,True,True,2018-08-11T00:00:00.000Z,2018-08-27T00:00:00.000Z,,False,53,019,99019,Ferry (County),18088,,2018081401,10,,2024-08-27T18:22:14.800Z,23563a9758c572942bbec5ed36724a7961806387,49ad9847-e935-4929-a076-6f9f5bda21a2
FM-5271-WA,5271,WA,FM,2018-08-12T00:00:00.000Z,2018,Fire,GRASS VALLEY FIRE,False,False,True,True,2018-08-11T00:00:00.000Z,2018-08-15T00:00:00.000Z,,False,53,017,99017,Douglas (County),18084,,2018081201,10,,2024-08-27T18:22:14.800Z,6071a8e2b671c50a96041d17cd9ad6d822f35d56,f957a6f5-f43a-4bcd-9a7c-a0c9ac600385
FM-5271-WA,5271,WA,FM,2018-08-12T00:00:00.000Z,2018,Fire,GRASS VALLEY FIRE,False,False,True,True,2018-08-11T00:00:00.000Z,2018-08-15T00:00:00.000Z,,False,53,025,99025,Grant (County),18084,,2018081201,10,,2024-08-27T18:22:14.800Z,37514fa19d745c8243bb47cb5e087c4d9aebdeb8,9ed0b2f7-6875-4447-975f-ca9e4a6f8b05
FM-5270-WA,5270,WA,FM,2018-08-11T00:00:00.000Z,2018,Fire,COUGAR CREEK FIRE,False,False,True,True,2018-08-10T00:00:00.000Z,2018-08-27T00:00:00.000Z,,False,53,007,99007,Chelan (County),18086,,2018081103,10,,2024-08-27T18:22:14.800Z,12c90f8853dcd4d6981315ade18d335c404c5df8,c2596803-0c22-4a04-bce8-d8102ecfa9c2
FM-5269-WA,5269,WA,FM,2018-08-11T00:00:00.000Z,2018,Fire,HAWK FIRE,False,False,True,True,2018-08-10T00:00:00.000Z,2018-08-17T00:00:00.000Z,,False,53,000,79995,Yakama Reservation,18085,,2018081101,10,,2024-08-27T18:22:14.800Z,34c68bee50c819b25c84aef60209cd2e87b1d14a,0f652052-108d-41b8-859c-ca64308a0aa0
FM-5269-WA,5269,WA,FM,2018-08-11T00:00:00.000Z,2018,Fire,HAWK FIRE,False,False,True,True,2018-08-10T00:00:00.000Z,2018-08-17T00:00:00.000Z,,False,53,077,99077,Yakima (County),18085,,2018081101,10,,2024-08-27T18:22:14.800Z,5a9892fedd3a49b100bcb02facca435267dcf430,6a472268-e7f5-462f-bebc-c2b4b4f81018
FM-5266-WA,5266,WA,FM,2018-08-04T00:00:00.000Z,2018,Fire,ANGEL SPRINGS FIRE,False,False,True,True,2018-08-02T00:00:00.000Z,2018-08-10T00:00:00.000Z,,False,53,043,99043,Lincoln (County),18079,,2018080403,10,,2024-08-27T18:22:14.800Z,a82a104495fc65a05c409f2535b15a825de7ba32,2031c74d-3ebe-4b32-92ef-50d81b5af390
FM-5261-WA,5261,WA,FM,2018-07-28T00:00:00.000Z,2018,Fire,CHELAN HILLS FIRE,False,False,True,True,2018-07-27T00:00:00.000Z,2018-08-01T00:00:00.000Z,,False,53,017,99017,Douglas (County),18071,,2018072801,10,,2024-08-27T18:22:14.800Z,e29e0152f0be0b76938d728fe13cb5e5dd9e93bb,5c75f74f-11c0-452a-9776-f1c6170604a4
FM-5257-WA,5257,WA,FM,2018-07-20T00:00:00.000Z,2018,Fire,BUCKSHOT FIRE,False,False,True,True,2018-07-19T00:00:00.000Z,2018-07-21T00:00:00.000Z,,False,53,025,99025,Grant (County),18065,,2018072001,10,,2024-08-27T18:22:14.800Z,22b089ea7f4e42503d970a40fcbed3aee780ab0c,efcc95f3-098a-4c75-b88c-387676481c79
FM-5254-WA,5254,WA,FM,2018-07-17T00:00:00.000Z,2018,Fire,UPRIVER BEACON FIRE,False,False,True,True,2018-07-17T00:00:00.000Z,2018-07-21T00:00:00.000Z,,False,53,063,99063,Spokane (County),18058,,2018071801,10,,2024-08-27T18:22:14.800Z,db9268c3500fdfc41761f690402aed633a25b9a5,2f40e847-570a-4b2e-b229-d0772307791e
FM-5253-WA,5253,WA,FM,2018-07-10T00:00:00.000Z,2018,Fire,RYEGRASS COULEE FIRE,False,False,True,True,2018-07-09T00:00:00.000Z,2018-07-11T00:00:00.000Z,,False,53,037,99037,Kittitas (County),18057,,2018071001,10,,2024-08-27T18:22:14.800Z,5d40467decdfd305b660e56a9c317a04469f2851,e319fb3d-dcc5-4cc0-ae3b-41ffd16e809f
FM-5200-WA,5200,WA,FM,2017-09-02T00:00:00.000Z,2017,Fire,JOLLY MOUNTAIN FIRE,False,False,True,True,2017-09-02T00:00:00.000Z,2017-09-22T00:00:00.000Z,,False,53,037,99037,Kittitas (County),17089,,2017090201,10,,2024-08-27T18:22:14.800Z,2e1bbc4e900cb94850060569c4230d06272dcb3b,f389186d-3282-4f18-a5d5-102955a8fb61
FM-5187-WA,5187,WA,FM,2017-06-28T00:00:00.000Z,2017,Fire,SOUTH WENAS FIRE,False,False,True,True,2017-06-27T00:00:00.000Z,2017-06-30T00:00:00.000Z,,False,53,077,99077,Yakima (County),17056,,2017062801,10,,2024-08-27T18:22:14.800Z,984e6b93bbb6d4262ca03d725820e4b419b942e6,a23b98f5-8e0c-4135-8ead-e629bd7a0dfa
FM-5182-WA,5182,WA,FM,2017-05-23T00:00:00.000Z,2017,Fire,SPROMBERG FIRE,False,False,True,True,2017-05-23T00:00:00.000Z,2017-05-27T00:00:00.000Z,,False,53,007,99007,Chelan (County),17046,,2017052401,10,,2024-08-27T18:22:14.800Z,9384787bdd2e43ea610877c0a3053e1e16974615,eae438ba-3ed1-449e-a4c5-a8c45cd40f96
FM-5152-WA,5152,WA,FM,2016-08-28T00:00:00.000Z,2016,Fire,SUNCREST FIRE,False,False,True,False,2016-08-27T00:00:00.000Z,2016-08-30T00:00:00.000Z,,False,53,007,99007,Chelan (County),16086,,2016082801,10,,2024-08-27T18:22:14.800Z,0086244aeace06b0e03de84f6acd52e083ba13dc,3cf567e9-43d2-4636-a924-72e6c4b471d0
FM-5149-WA,5149,WA,FM,2016-08-22T00:00:00.000Z,2016,Fire,YALE FIRE,False,False,True,False,2016-08-21T00:00:00.000Z,2016-08-29T00:00:00.000Z,,False,53,063,99063,Spokane (County),16083,,2016082202,10,,2024-08-27T18:22:14.800Z,7059e208d3e67d99174e9fce8bc5c0088b8a2186,379b53a5-d913-433e-9078-9f3be4436c75
FM-5148-WA,5148,WA,FM,2016-08-22T00:00:00.000Z,2016,Fire,WELLESLEY FIRE ,False,False,True,False,2016-08-21T00:00:00.000Z,2016-08-24T00:00:00.000Z,,False,53,063,99063,Spokane (County),16082,,2016082201,10,,2024-08-27T18:22:14.800Z,513531cb9b1c347bf286815c3e2db7a82debefbd,41435c5c-4551-4b0c-bf84-817f299fa350
FM-5142-WA,5142,WA,FM,2016-08-01T00:00:00.000Z,2016,Fire,SOUTH WARD GAP FIRE,False,False,True,False,2016-07-31T00:00:00.000Z,2016-08-03T00:00:00.000Z,,False,53,005,99005,Benton (County),16071,,2016080101,10,,2024-08-27T18:22:14.800Z,fc66b66bed48d187ed86731bf27fac54138bc01a,73116714-3baa-431b-b71b-71d63769355f
FM-5113-WA,5113,WA,FM,2015-09-14T00:00:00.000Z,2015,Fire,HORSETHIEF BUTTE FIRE,False,False,True,True,2015-09-13T00:00:00.000Z,2015-09-15T00:00:00.000Z,,False,53,039,99039,Klickitat (County),15074,,2015091401,10,,2024-08-27T18:22:14.800Z,ada67ab65c25e243016183063cbe6bd38cbd5d5b,83f4dcf5-d681-4213-bc4e-1f8afd672e0d
FM-5109-WA,5109,WA,FM,2015-08-24T00:00:00.000Z,2015,Fire,GOODELL FIRE,False,False,True,True,2015-08-19T00:00:00.000Z,2015-08-28T00:00:00.000Z,,False,53,057,99057,Skagit (County),15068,,2015082501,10,,2024-08-27T18:22:14.800Z,ac8e3d9cf9c0af52c1250bcdc0be78cdf7e74be6,ba299c67-68ee-40f4-aa20-99f39e0c55b0
FM-5109-WA,5109,WA,FM,2015-08-24T00:00:00.000Z,2015,Fire,GOODELL FIRE,False,False,True,True,2015-08-19T00:00:00.000Z,2015-08-28T00:00:00.000Z,,False,53,073,99073,Whatcom (County),15068,,2015082501,10,,2024-08-27T18:22:14.800Z,56207fbf578121f0b7b8d078c0020123bbb93ca2,64f3fee5-e729-4e19-9c63-a2868a022f13
FM-5108-WA,5108,WA,FM,2015-08-21T00:00:00.000Z,2015,Fire,RENNER FIRE,False,False,True,True,2015-08-21T00:00:00.000Z,2015-09-02T00:00:00.000Z,,False,53,019,99019,Ferry (County),15067,,2015082201,10,,2024-08-27T18:22:14.800Z,ee95f898372e4a9c136a14edde42a9033b34e748,20dcd348-f69b-4067-a098-ca42e4acefc6
FM-5108-WA,5108,WA,FM,2015-08-21T00:00:00.000Z,2015,Fire,RENNER FIRE,False,False,True,True,2015-08-21T00:00:00.000Z,2015-09-02T00:00:00.000Z,,False,53,065,99065,Stevens (County),15067,,2015082201,10,,2024-08-27T18:22:14.800Z,426170a9e82686ab5467207b6a092b64b5ddd69c,4a7a1340-bc03-414e-b20b-593405dc7d58
FM-5106-WA,5106,WA,FM,2015-08-19T00:00:00.000Z,2015,Fire,TWISP RIVER FIRE,False,False,True,True,2015-08-19T00:00:00.000Z,2015-09-02T00:00:00.000Z,,False,53,047,99047,Okanogan (County),15064,,2015082001,10,,2024-08-27T18:22:14.800Z,5382eba8a2f600668e201cee01555dd32e8419a3,d919b5c8-7afe-4c83-8395-4e24f52b950d
FM-5104-WA,5104,WA,FM,2015-08-15T00:00:00.000Z,2015,Fire,OKANAGAN COUNTY FIRE COMPLEX,False,False,True,True,2015-08-14T00:00:00.000Z,2015-09-12T00:00:00.000Z,,False,53,019,99019,Ferry (County),15061,,2015081505,10,,2024-08-27T18:22:14.800Z,455a141cd0d07f91805a7bd4b4338fbbf873a029,c7ff4f87-2a22-40c8-86a5-b80f69da7058
FM-5104-WA,5104,WA,FM,2015-08-15T00:00:00.000Z,2015,Fire,OKANAGAN COUNTY FIRE COMPLEX,False,False,True,True,2015-08-14T00:00:00.000Z,2015-09-12T00:00:00.000Z,,False,53,047,99047,Okanogan (County),15061,,2015081505,10,,2024-08-27T18:22:14.800Z,f4a1357fd9b42a3b68abba3ff3e147ae0c276287,80bb9b62-9f36-46a0-96a3-d2f31957f6b6
FM-5103-WA,5103,WA,FM,2015-08-15T00:00:00.000Z,2015,Fire,STEVENS COUNTY FIRE COMPLEX,False,False,True,True,2015-08-14T00:00:00.000Z,2015-09-08T00:00:00.000Z,,False,53,065,99065,Stevens (County),15063,,2015081504,10,,2024-08-27T18:22:14.800Z,49a78389fba23520023446a1d5843fdf3aca8826,7572e9b4-a4c4-443b-ac11-bb2d73e80111
FM-5101-WA,5101,WA,FM,2015-08-15T00:00:00.000Z,2015,Fire,STICKPIN FIRE,False,False,True,True,2015-08-14T00:00:00.000Z,2015-09-02T00:00:00.000Z,,False,53,019,99019,Ferry (County),15057,,2015081502,10,,2024-08-27T18:22:14.800Z,1c576a66821bcddd0dacc69409af9c771312850e,2f48ac29-c22c-4ff0-9404-601022fe248b
FM-5100-WA,5100,WA,FM,2015-08-14T00:00:00.000Z,2015,Fire,CHELAN FIRE COMPLEX,False,False,True,True,2015-08-14T00:00:00.000Z,2015-09-02T00:00:00.000Z,,False,53,007,99007,Chelan (County),15059,,2015081501,10,,2024-08-27T18:22:14.800Z,b3c54bb8d01407ef5d4ca8e70279e8de4feef950,e010b43d-d106-4785-a2d8-939a308dc5d9
FM-5100-WA,5100,WA,FM,2015-08-14T00:00:00.000Z,2015,Fire,CHELAN FIRE COMPLEX,False,False,True,True,2015-08-14T00:00:00.000Z,2015-09-02T00:00:00.000Z,,False,53,017,99017,Douglas (County),15059,,2015081501,10,,2024-08-27T18:22:14.800Z,86148f42cc3f0a516482eba5d072cf00a38e7154,ed8ef4ab-7e89-4763-b490-71be08c15582
FM-5100-WA,5100,WA,FM,2015-08-14T00:00:00.000Z,2015,Fire,CHELAN FIRE COMPLEX,False,False,True,True,2015-08-14T00:00:00.000Z,2015-09-02T00:00:00.000Z,,False,53,047,99047,Okanogan (County),15059,,2015081501,10,,2024-08-27T18:22:14.800Z,0d453b07b4811a2a7df9ed5d2bceeca9c9286ad1,1dc269c3-9188-45c8-8083-2686837eeb36
FM-5098-WA,5098,WA,FM,2015-08-14T00:00:00.000Z,2015,Fire,NINE MILE FIRE,False,False,True,True,2015-08-13T00:00:00.000Z,2015-08-19T00:00:00.000Z,,False,53,047,99047,Okanogan (County),15055,,2015081401,10,,2024-08-27T18:22:14.800Z,9ffaebecffc6b7143a2a2e9c91057fa42ce22553,efbbc99a-41b6-42f1-8747-8af43fc25b33
FM-5094-WA,5094,WA,FM,2015-08-05T00:00:00.000Z,2015,Fire,HIGHWAY 8 FIRE,False,False,True,True,2015-08-04T00:00:00.000Z,2015-08-10T00:00:00.000Z,,False,53,039,99039,Klickitat (County),15051,,2015080501,10,,2024-08-27T18:22:14.800Z,ec8f4adfba87052598e3fa016e9b6e455953c88d,36d6a960-b534-495c-9986-5e7861052873
FM-5090-WA,5090,WA,FM,2015-07-21T00:00:00.000Z,2015,Fire,BLUE CREEK FIRE,False,False,True,True,2015-07-20T00:00:00.000Z,2015-07-28T00:00:00.000Z,,False,53,071,99071,Walla Walla (County),15039,,2015072101,10,,2024-08-27T18:22:14.800Z,a29aa325719fc4da82cf4f59f966c54087e06530,4550acaa-9033-4f3e-a69a-9c8400726022
FM-5087-WA,5087,WA,FM,2015-06-29T00:00:00.000Z,2015,Fire,SLEEPY HOLLOW FIRE,False,False,True,True,2015-06-28T00:00:00.000Z,2015-07-03T00:00:00.000Z,,False,53,007,99007,Chelan (County),15032,,2015062901,10,,2024-08-27T18:22:14.800Z,4957f9abb74baab1c74009ab79fc81607a7c21b7,3b8f47cb-cf83-495a-bb44-a1851caef03a
FM-5072-WA,5072,WA,FM,2014-08-06T00:00:00.000Z,2014,Fire,HANSEL FIRE,False,False,True,False,2014-08-05T00:00:00.000Z,2014-08-14T00:00:00.000Z,2017-12-06T00:00:00.000Z,False,53,007,99007,Chelan (County),14069,,2014080601,10,,2024-08-27T18:22:14.800Z,a1b61c86a4740c6728ffab779fc153283eced9c4,9794b7e3-fc9d-4a1c-bcbf-129d53ed8baf
FM-5071-WA,5071,WA,FM,2014-08-03T00:00:00.000Z,2014,Fire,SNAG CANYON FIRE,False,False,True,False,2014-08-02T00:00:00.000Z,2014-08-26T00:00:00.000Z,2020-04-07T00:00:00.000Z,False,53,037,99037,Kittitas (County),14066,,2014080304,10,,2024-08-27T18:22:14.800Z,e02012a684029ec4ec2ce8b189fd31239c6bb08a,fcbb978b-f8d9-41a8-9385-57cbdd390488
FM-5064-WA,5064,WA,FM,2014-07-19T00:00:00.000Z,2014,Fire,SADDLE MOUNTAIN FIRE,False,False,True,False,2014-07-19T00:00:00.000Z,2014-07-20T00:00:00.000Z,2017-08-15T00:00:00.000Z,False,53,037,99037,Kittitas (County),14053,,2014071901,10,,2024-08-27T18:22:14.800Z,b273c11507c4f3bddb72745bb04313599e1129bd,7f83de6f-4765-4cb9-9872-f3586dab6c44
FM-5063-WA,5063,WA,FM,2014-07-19T00:00:00.000Z,2014,Fire,WATERMELON HILL FIRE,False,False,True,False,2014-07-19T00:00:00.000Z,2014-07-22T00:00:00.000Z,2020-04-07T00:00:00.000Z,False,53,043,99043,Lincoln (County),14054,,2014072001,10,,2024-08-27T18:22:14.800Z,62d33317207ad4e535789e5c5be65fe9100d4cff,43d477cd-a96d-4a07-bd21-ed91c43c7966
FM-5063-WA,5063,WA,FM,2014-07-19T00:00:00.000Z,2014,Fire,WATERMELON HILL FIRE,False,False,True,False,2014-07-19T00:00:00.000Z,2014-07-22T00:00:00.000Z,2020-04-07T00:00:00.000Z,False,53,063,99063,Spokane (County),14054,,2014072001,10,,2024-08-27T18:22:14.800Z,3a6c3e4c7172795d9fa0fc1f45953426179c716c,067d3fc1-247f-4304-99ed-68833f342929
FM-5062-WA,5062,WA,FM,2014-07-17T00:00:00.000Z,2014,Fire,CARLTON COMPLEX FIRE,False,False,True,False,2014-07-15T00:00:00.000Z,2014-08-14T00:00:00.000Z,2020-04-07T00:00:00.000Z,False,53,047,99047,Okanogan (County),14050,,2014071703,10,,2024-08-27T18:22:14.800Z,5caeceb01231877dbff19f40abbc32cc2446b484,9ce26cf3-056e-4095-8c7f-6a5126c6627e
FM-5061-WA,5061,WA,FM,2014-07-17T00:00:00.000Z,2014,Fire,CHIWAUKUM FIRE ,False,False,True,False,2014-07-15T00:00:00.000Z,2014-08-14T00:00:00.000Z,2020-04-07T00:00:00.000Z,False,53,007,99007,Chelan (County),14051,,2014071701,10,,2024-08-27T18:22:14.800Z,00021a3311ba06714dd0285867557757abdf1e70,d17548cf-c066-4017-8035-d0d4fabc1a08
FM-5059-WA,5059,WA,FM,2014-07-10T00:00:00.000Z,2014,Fire,MILLS CANYON FIRE ,False,False,True,False,2014-07-10T00:00:00.000Z,2014-07-22T00:00:00.000Z,2020-04-07T00:00:00.000Z,False,53,007,99007,Chelan (County),14045,,2014071002,10,,2024-08-27T18:22:14.800Z,959c0cc7d67c882e9926f4e0d05b7aad871a65a6,887354f6-6828-4673-95b4-4be53725510a
FM-5058-WA,5058,WA,FM,2014-07-10T00:00:00.000Z,2014,Fire,LAKE SPOKANE FIRE ,False,False,True,False,2014-07-09T00:00:00.000Z,2014-07-14T00:00:00.000Z,2020-04-07T00:00:00.000Z,False,53,065,99065,Stevens (County),14046,,2014071003,10,,2024-08-27T18:22:14.800Z,7dfead83ba7c23bcf641fe332e09f25842a2cd3d,89114468-9e67-414e-965e-deef256ddb40
FM-5048-WA,5048,WA,FM,2013-08-21T00:00:00.000Z,2013,Fire,EAGLE FIRE ,False,False,True,False,2013-08-20T00:00:00.000Z,2013-08-28T00:00:00.000Z,2015-07-01T00:00:00.000Z,False,53,007,99007,Chelan (County),13077,,2013082101,10,,2024-08-27T18:22:14.800Z,610aedff8f6e6a6cf2c9cc04a81c01060b12cf4d,b98b613f-d040-422a-85b5-c0e19d614b5a
FM-5042-WA,5042,WA,FM,2013-08-10T00:00:00.000Z,2013,Fire,MILE POST 10 FIRE,False,False,True,False,2013-08-10T00:00:00.000Z,2013-08-14T00:00:00.000Z,2015-07-01T00:00:00.000Z,False,53,007,99007,Chelan (County),13071,,2013081101,10,,2024-08-27T18:22:14.800Z,ffae5dfa887a492da877e0f9cfb4ef1ddb6fd138,0669299d-35d4-4b47-b802-634c43a5ae56
FM-5038-WA,5038,WA,FM,2013-07-30T00:00:00.000Z,2013,Fire,COLOCKUM TARPS FIRE ,False,False,True,False,2013-07-27T00:00:00.000Z,2013-08-14T00:00:00.000Z,2015-07-08T00:00:00.000Z,False,53,007,99007,Chelan (County),13064,,2013073002,10,,2024-08-27T18:22:14.800Z,9e2001859fa4bee0ffe13b7b2a596a763d7c3a66,ca6b8462-ff90-410c-90d7-04fb7f3ef339
FM-5038-WA,5038,WA,FM,2013-07-30T00:00:00.000Z,2013,Fire,COLOCKUM TARPS FIRE ,False,False,True,False,2013-07-27T00:00:00.000Z,2013-08-14T00:00:00.000Z,2015-07-08T00:00:00.000Z,False,53,037,99037,Kittitas (County),13064,,2013073002,10,,2024-08-27T18:22:14.800Z,04ca13fac6f8938231db6a8429e9737f924bdf15,7b27aa00-0e24-4a13-9987-7c0fe9d8c3fb
FM-5020-WA,5020,WA,FM,2012-09-20T00:00:00.000Z,2012,Fire,TABLE MOUNTAIN FIRE ,False,False,True,False,2012-09-19T00:00:00.000Z,2012-10-05T00:00:00.000Z,2015-01-13T00:00:00.000Z,False,53,007,99007,Chelan (County),12095,,2012092001,10,,2024-08-27T18:22:14.800Z,c5f689797fe257560a6538d4f4890cac3286ef6e,99c3968e-57b0-4260-8075-5fc19b33db2f
FM-5020-WA,5020,WA,FM,2012-09-20T00:00:00.000Z,2012,Fire,TABLE MOUNTAIN FIRE ,False,False,True,False,2012-09-19T00:00:00.000Z,2012-10-05T00:00:00.000Z,2015-01-13T00:00:00.000Z,False,53,037,99037,Kittitas (County),12095,,2012092001,10,,2024-08-27T18:22:14.800Z,ba2466488c08edbce7fa517054a5ffdb3764dffb,73e9176e-38b7-4a52-9cd0-de850404aef6
FM-5018-WA,5018,WA,FM,2012-09-13T00:00:00.000Z,2012,Fire,PEAVINE FIRE,False,False,True,False,2012-09-12T00:00:00.000Z,2012-10-09T00:00:00.000Z,2015-01-13T00:00:00.000Z,False,53,007,99007,Chelan (County),12093,,2012091302,10,,2024-08-27T18:22:14.800Z,37ae14ca431f27aa7b7e74652a4484f4a704d0d6,2cd0c93a-901a-4ff8-bd01-293e1d111790
FM-5017-WA,5017,WA,FM,2012-09-12T00:00:00.000Z,2012,Fire,POISON FIRE,False,False,True,False,2012-09-12T00:00:00.000Z,2012-09-30T00:00:00.000Z,2015-01-13T00:00:00.000Z,False,53,007,99007,Chelan (County),12092,,2012091301,10,,2024-08-27T18:22:14.800Z,c7b942993bf61a0897d4b19c1590ab46befb8d97,1f93ef4d-1fc0-4eba-9348-ac0e79e7591e
FM-5015-WA,5015,WA,FM,2012-09-10T00:00:00.000Z,2012,Fire,BYRD CANYON FIRE,False,False,True,False,2012-09-10T00:00:00.000Z,2012-09-18T00:00:00.000Z,2015-01-13T00:00:00.000Z,False,53,007,99007,Chelan (County),12088,,2012091101,10,,2024-08-27T18:22:14.800Z,a1aad77f47fc2b93e0071a37d88e71b457ce6556,e941f46a-4de7-44c5-852c-b49f518f313d
FM-5013-WA,5013,WA,FM,2012-09-09T00:00:00.000Z,2012,Fire,BARKER CANYON FIRE ,False,False,True,False,2012-09-09T00:00:00.000Z,2012-09-15T00:00:00.000Z,2014-12-04T00:00:00.000Z,False,53,017,99017,Douglas (County),12086,,2012091002,10,,2024-08-27T18:22:14.800Z,e3408ea96deeb6f7d316975afe209ad70766ec1d,74e79f5f-c872-4665-b2d5-db17cbd0c790
FM-5013-WA,5013,WA,FM,2012-09-09T00:00:00.000Z,2012,Fire,BARKER CANYON FIRE ,False,False,True,False,2012-09-09T00:00:00.000Z,2012-09-15T00:00:00.000Z,2014-12-04T00:00:00.000Z,False,53,025,99025,Grant (County),12086,,2012091002,10,,2024-08-27T18:22:14.800Z,8f9a320e9af572b717e63c3c1ee9f53aeccf231c,44d67a18-83c5-4216-b2cc-892f7e6ebd92
FM-5012-WA,5012,WA,FM,2012-09-09T00:00:00.000Z,2012,Fire,1ST CANYON FIRE,False,False,True,False,2012-09-09T00:00:00.000Z,2012-09-18T00:00:00.000Z,2014-12-04T00:00:00.000Z,False,53,007,99007,Chelan (County),12087,,2012091003,10,,2024-08-27T18:22:14.800Z,d4c8e41ceea3c1d13a00414fa1b79d4bbdf4f94b,50dd03cf-3bbc-4cd3-8fd5-99b297d732f0
FM-5011-WA,5011,WA,FM,2012-09-06T00:00:00.000Z,2012,Fire,HIGHWAY 141 FIRE COMPLEX,False,False,True,False,2012-09-05T00:00:00.000Z,2012-09-11T00:00:00.000Z,2014-12-02T00:00:00.000Z,False,53,039,99039,Klickitat (County),12083,,2012090601,10,,2024-08-27T18:22:14.800Z,9f66696ecf0dd355c21eddea9289639f761d26f2,ca45f8c3-c1e9-4f1b-a611-36142aff1342
FM-5005-WA,5005,WA,FM,2012-08-14T00:00:00.000Z,2012,Fire,TAYLOR BRIDGE FIRE,False,False,True,False,2012-08-13T00:00:00.000Z,2012-08-28T00:00:00.000Z,2014-12-02T00:00:00.000Z,False,53,037,99037,Kittitas (County),12071,,2012081401,10,,2024-08-27T18:22:14.800Z,52987d0c3ce50bf7c00f6c14d57652018f35220c,da6ce1a5-6feb-42f1-b4ed-aa1d21d0a3ff
DR-4759-WA,4759,WA,DR,2024-02-15T00:00:00.000Z,2024,Fire,WILDFIRES,False,False,True,True,2023-08-18T00:00:00.000Z,2023-08-25T00:00:00.000Z,,False,53,075,99075,Whitman (County),23131,2024-04-20T00:00:00.000Z,2023082901,10,Z,2024-08-27T18:22:14.800Z,e2b1e5d48d044bd7bee49524fdbf9f0d30dce028,6e3d27ea-2e4e-4d62-9f85-39bc09059712
DR-4759-WA,4759,WA,DR,2024-02-15T00:00:00.000Z,2024,Fire,WILDFIRES,True,False,True,True,2023-08-18T00:00:00.000Z,2023-08-25T00:00:00.000Z,,False,53,063,99063,Spokane (County),23131,2024-04-20T00:00:00.000Z,2023082901,10,Z,2024-08-27T18:22:14.800Z,32a96be09d18be96620b4d7edd832cea242c10d0,68a89f22-b8d9-44e3-a4d3-1a384cb27fea
DR-4631-WA,4631,WA,DR,2021-12-21T00:00:00.000Z,2022,Fire,WILDFIRES,False,False,True,True,2021-07-12T00:00:00.000Z,2021-08-08T00:00:00.000Z,,True,53,000,14240,Colville Indian Reservation,21120,,2021071401,10,,2024-08-27T18:22:14.800Z,d57fd1a7b89fbb04094745919aa3af13f6e5d9d0,9e7cf942-e7e7-4b92-98e3-1cc35f0ac56d
DR-4584-WA,4584,WA,DR,2021-02-04T00:00:00.000Z,2021,Fire,WILDFIRES AND STRAIGHT-LINE WINDS,False,False,True,True,2020-09-01T00:00:00.000Z,2020-09-19T00:00:00.000Z,,False,53,000,14240,Colville Indian Reservation,20295,,2020091802,10,,2024-08-27T18:22:14.800Z,439377dfb5016671e76dcd027fd94c01df1cbb2d,7b3f97a7-d3d7-4c29-8202-e1691bf9bcb7
DR-4584-WA,4584,WA,DR,2021-02-04T00:00:00.000Z,2021,Fire,WILDFIRES AND STRAIGHT-LINE WINDS,False,False,True,True,2020-09-01T00:00:00.000Z,2020-09-19T00:00:00.000Z,,False,53,000,79995,Yakama Reservation,20295,,2020091802,10,,2024-08-27T18:22:14.800Z,203942792d39bb08b5bd30209a39d82991a7ad74,0612307a-0939-4882-b7ca-d82f107f3563
DR-4584-WA,4584,WA,DR,2021-02-04T00:00:00.000Z,2021,Fire,WILDFIRES AND STRAIGHT-LINE WINDS,False,False,True,True,2020-09-01T00:00:00.000Z,2020-09-19T00:00:00.000Z,,False,53,017,99017,Douglas (County),20295,,2020091802,10,,2024-08-27T18:22:14.800Z,c7df7adeae70eec8fce64ff61ddc672e24048ab3,df3bd50a-25e7-4967-8107-95ffc3603ab1
DR-4584-WA,4584,WA,DR,2021-02-04T00:00:00.000Z,2021,Fire,WILDFIRES AND STRAIGHT-LINE WINDS,False,False,True,True,2020-09-01T00:00:00.000Z,2020-09-19T00:00:00.000Z,,False,53,019,99019,Ferry (County),20295,,2020091802,10,,2024-08-27T18:22:14.800Z,2c0250bb58c149e43759447bc389ead6c26bc43f,a2fdf048-9d59-420c-ba8e-7530a639124a
DR-4584-WA,4584,WA,DR,2021-02-04T00:00:00.000Z,2021,Fire,WILDFIRES AND STRAIGHT-LINE WINDS,False,False,True,True,2020-09-01T00:00:00.000Z,2020-09-19T00:00:00.000Z,,False,53,021,99021,Franklin (County),20295,,2020091802,10,,2024-08-27T18:22:14.800Z,a02407d20a61b5b20d8d9172b68f7abe8989e34b,79c6a674-9540-44ac-9c51-a86fb2c98780
DR-4584-WA,4584,WA,DR,2021-02-04T00:00:00.000Z,2021,Fire,WILDFIRES AND STRAIGHT-LINE WINDS,False,False,True,True,2020-09-01T00:00:00.000Z,2020-09-19T00:00:00.000Z,,False,53,037,99037,Kittitas (County),20295,,2020091802,10,,2024-08-27T18:22:14.800Z,825a845227df98a8f095a2b7f3bb83230aa287d5,dfb1f0da-65c7-4f2a-af22-d91d78550f93
DR-4584-WA,4584,WA,DR,2021-02-04T00:00:00.000Z,2021,Fire,WILDFIRES AND STRAIGHT-LINE WINDS,False,False,True,True,2020-09-01T00:00:00.000Z,2020-09-19T00:00:00.000Z,,False,53,043,99043,Lincoln (County),20295,,2020091802,10,,2024-08-27T18:22:14.800Z,55383194f800f96e9e3104861b5ffc83a057488d,f8461bef-c29c-4139-84d1-41bcb2fb216f
DR-4584-WA,4584,WA,DR,2021-02-04T00:00:00.000Z,2021,Fire,WILDFIRES AND STRAIGHT-LINE WINDS,False,False,True,True,2020-09-01T00:00:00.000Z,2020-09-19T00:00:00.000Z,,False,53,047,99047,Okanogan (County),20295,,2020091802,10,,2024-08-27T18:22:14.800Z,13a3f09a26f4b1f55b77503dc61d7897aa19d96a,7f38438a-8f8a-46f7-8801-c43c2bd41337
DR-4584-WA,4584,WA,DR,2021-02-04T00:00:00.000Z,2021,Fire,WILDFIRES AND STRAIGHT-LINE WINDS,False,False,True,True,2020-09-01T00:00:00.000Z,2020-09-19T00:00:00.000Z,,False,53,051,99051,Pend Oreille (County),20295,,2020091802,10,,2024-08-27T18:22:14.800Z,1e032e19a402e1c6132d1645cbb0e314c8d60a16,77c77880-09f6-49c6-a46d-445cbe5c1a6d
DR-4584-WA,4584,WA,DR,2021-02-04T00:00:00.000Z,2021,Fire,WILDFIRES AND STRAIGHT-LINE WINDS,False,False,True,True,2020-09-01T00:00:00.000Z,2020-09-19T00:00:00.000Z,,False,53,059,99059,Skamania (County),20295,,2020091802,10,,2024-08-27T18:22:14.800Z,e228a07c400277d6a5818ba00bc9c169af03d3aa,a3e1135c-27c5-4811-985f-8e7a237a0f1f
DR-4584-WA,4584,WA,DR,2021-02-04T00:00:00.000Z,2021,Fire,WILDFIRES AND STRAIGHT-LINE WINDS,False,False,True,True,2020-09-01T00:00:00.000Z,2020-09-19T00:00:00.000Z,,False,53,075,99075,Whitman (County),20295,,2020091802,10,,2024-08-27T18:22:14.800Z,e0535404ac3fa942c9b9db229490d377386c3792,a440c973-989f-4e45-b6d7-ca3543c1977f
DR-4584-WA,4584,WA,DR,2021-02-04T00:00:00.000Z,2021,Fire,WILDFIRES AND STRAIGHT-LINE WINDS,False,False,True,True,2020-09-01T00:00:00.000Z,2020-09-19T00:00:00.000Z,,False,53,077,99077,Yakima (County),20295,,2020091802,10,,2024-08-27T18:22:14.800Z,7ef09590b2125401b480354104ad5c642a52ee3d,6dc01912-f0f7-4614-83f9-07d772558ece
DR-4243-WA,4243,WA,DR,2015-10-20T00:00:00.000Z,2016,Fire,WILDFIRES AND MUDSLIDES,False,False,True,True,2015-08-09T00:00:00.000Z,2015-09-10T00:00:00.000Z,,False,53,000,14240,Colville Indian Reservation,15081,,2015092101,10,,2024-08-27T18:22:14.800Z,0dde11ef01fedc8ba39eba05640fda79434b5ff5,09de8c69-3abd-45ea-8a55-6617b3c17e7e
DR-4243-WA,4243,WA,DR,2015-10-20T00:00:00.000Z,2016,Fire,WILDFIRES AND MUDSLIDES,False,False,True,True,2015-08-09T00:00:00.000Z,2015-09-10T00:00:00.000Z,,False,53,007,99007,Chelan (County),15081,,2015092101,10,,2024-08-27T18:22:14.800Z,330c751de6938b977f80c9db8e2d2160345a4e23,7518ffae-f4e0-4c1f-bf76-89c1ca011e7a
DR-4243-WA,4243,WA,DR,2015-10-20T00:00:00.000Z,2016,Fire,WILDFIRES AND MUDSLIDES,False,False,True,True,2015-08-09T00:00:00.000Z,2015-09-10T00:00:00.000Z,,False,53,019,99019,Ferry (County),15081,,2015092101,10,,2024-08-27T18:22:14.800Z,dd0ae2f726e1db6d726ea76f32d922d4fedbc687,a926a1db-596c-47dd-954d-d6e091dec4ee
DR-4243-WA,4243,WA,DR,2015-10-20T00:00:00.000Z,2016,Fire,WILDFIRES AND MUDSLIDES,False,False,True,True,2015-08-09T00:00:00.000Z,2015-09-10T00:00:00.000Z,,False,53,043,99043,Lincoln (County),15081,,2015092101,10,,2024-08-27T18:22:14.800Z,ce3ee76e491d130f1425399a7be04da016658970,1997ea8e-7b99-4269-b7a6-6a166853900b
DR-4243-WA,4243,WA,DR,2015-10-20T00:00:00.000Z,2016,Fire,WILDFIRES AND MUDSLIDES,False,False,True,True,2015-08-09T00:00:00.000Z,2015-09-10T00:00:00.000Z,,False,53,047,99047,Okanogan (County),15081,,2015092101,10,,2024-08-27T18:22:14.800Z,179e349c82c1d05f5b638395a090d37af9b35c6a,9452f178-f55e-44e6-95ce-738f52c7bb66
DR-4243-WA,4243,WA,DR,2015-10-20T00:00:00.000Z,2016,Fire,WILDFIRES AND MUDSLIDES,False,False,True,True,2015-08-09T00:00:00.000Z,2015-09-10T00:00:00.000Z,,False,53,051,99051,Pend Oreille (County),15081,,2015092101,10,,2024-08-27T18:22:14.800Z,00bd6fefc65501cdb18bb8ddfba6b71fc62f035e,28af19ae-c7a0-4b37-91c8-64899e0f309c
DR-4243-WA,4243,WA,DR,2015-10-20T00:00:00.000Z,2016,Fire,WILDFIRES AND MUDSLIDES,False,False,True,True,2015-08-09T00:00:00.000Z,2015-09-10T00:00:00.000Z,,False,53,065,99065,Stevens (County),15081,,2015092101,10,,2024-08-27T18:22:14.800Z,5c657f16a83d6ead73d8823723511dde504fb958,2041520e-8f49-485b-8a16-9cb3ccfa6a29
DR-4243-WA,4243,WA,DR,2015-10-20T00:00:00.000Z,2016,Fire,WILDFIRES AND MUDSLIDES,False,False,True,True,2015-08-09T00:00:00.000Z,2015-09-10T00:00:00.000Z,,False,53,073,99073,Whatcom (County),15081,,2015092101,10,,2024-08-27T18:22:14.800Z,95b8e01802aabfd4b7d4b4ddd15533afa3767446,cedb5dc3-e6bf-4412-a110-296a17f40a94
DR-4243-WA,4243,WA,DR,2015-10-20T00:00:00.000Z,2016,Fire,WILDFIRES AND MUDSLIDES,False,False,True,True,2015-08-09T00:00:00.000Z,2015-09-10T00:00:00.000Z,,False,53,077,99077,Yakima (County),15081,,2015092101,10,,2024-08-27T18:22:14.800Z,26b24240b1e464277ff0e5ecf1d5064ff6f8c701,8752221e-ef44-45bd-93ae-e17396c36edc
DR-4188-WA,4188,WA,DR,2014-08-11T00:00:00.000Z,2014,Fire,WILDFIRES,False,False,True,True,2014-07-09T00:00:00.000Z,2014-08-05T00:00:00.000Z,,False,53,000,14240,Colville Indian Reservation,14068,,2014072203,10,,2024-08-27T18:22:14.800Z,01ce3734ef239583de5e0b147e84da24670a7130,62fbd9fb-0bf9-4d9c-8df0-cc8c8988d579
DR-4188-WA,4188,WA,DR,2014-08-11T00:00:00.000Z,2014,Fire,WILDFIRES,False,False,True,True,2014-07-09T00:00:00.000Z,2014-08-05T00:00:00.000Z,,False,53,037,99037,Kittitas (County),14068,,2014072203,10,,2024-08-27T18:22:14.800Z,06b5cd4a3af6896dbfe2693d1e3759ba3600f27e,475b43da-921c-47bc-9985-dce5ffb752cc
DR-4188-WA,4188,WA,DR,2014-08-11T00:00:00.000Z,2014,Fire,WILDFIRES,False,False,True,True,2014-07-09T00:00:00.000Z,2014-08-05T00:00:00.000Z,,False,53,047,99047,Okanogan (County),14068,,2014072203,10,,2024-08-27T18:22:14.800Z,5e56acb62e533175a6342eb2e5231b8c50f47240,d72fbe66-92b3-48ec-aff5-19f791425d25
DR-4823-WA,4823,WA,DR,2024-09-24T00:00:00.000Z,2024,Fire,WILDFIRES,True,False,True,True,2024-06-22T00:00:00.000Z,2024-07-08T00:00:00.000Z,,True,53,000,79995,Yakama Reservation,24133,2024-12-16T00:00:00.000Z,2024072001,10,R,2024-10-15T13:42:42.991Z,fbc9877a6bd4df083e1d63730be6faf709f0cf38,6fafd5c1-d46b-4fe4-ba3c-73a6a56feea4
EM-3372-WA,3372,WA,EM,2015-08-21T00:00:00.000Z,2015,Fire,WILDFIRES,False,False,True,False,2015-08-13T00:00:00.000Z,2015-09-10T00:00:00.000Z,2018-04-05T00:00:00.000Z,False,53,000,14240,Colville Indian Reservation,15065,,2015082102,10,,2024-08-27T18:22:14.800Z,c7c5623c73a3aabf88cc8acc06379614adfd555b,b90771a4-aae0-405c-9f28-3c193224ebc8
EM-3372-WA,3372,WA,EM,2015-08-21T00:00:00.000Z,2015,Fire,WILDFIRES,False,False,True,False,2015-08-13T00:00:00.000Z,2015-09-10T00:00:00.000Z,2018-04-05T00:00:00.000Z,False,53,000,34715,Kalispel Indian Reservation,15065,,2015082102,10,,2024-08-27T18:22:14.800Z,b500f3ea53d6637ffc171d0046106dab1d7ce897,4685da45-5bb1-436b-8a36-ecb3b24fac4e
EM-3372-WA,3372,WA,EM,2015-08-21T00:00:00.000Z,2015,Fire,WILDFIRES,False,False,True,False,2015-08-13T00:00:00.000Z,2015-09-10T00:00:00.000Z,2018-04-05T00:00:00.000Z,False,53,000,67105,Spokane Indian Reservation,15065,,2015082102,10,,2024-08-27T18:22:14.800Z,53dfa999336a1a17a3d29768bfa8f4957a18bbf1,803fcbc8-7634-43d0-9cd4-4f6e8157dfee
EM-3372-WA,3372,WA,EM,2015-08-21T00:00:00.000Z,2015,Fire,WILDFIRES,False,False,True,False,2015-08-13T00:00:00.000Z,2015-09-10T00:00:00.000Z,2018-04-05T00:00:00.000Z,False,53,000,79995,Yakama Reservation,15065,,2015082102,10,,2024-08-27T18:22:14.800Z,937a318942c682a31e45afd77f1a4a15e2e26d0b,2fe27b02-6b4a-4aa3-82d3-66246dbfc94c
EM-3372-WA,3372,WA,EM,2015-08-21T00:00:00.000Z,2015,Fire,WILDFIRES,False,False,True,False,2015-08-13T00:00:00.000Z,2015-09-10T00:00:00.000Z,2018-04-05T00:00:00.000Z,False,53,003,99003,Asotin (County),15065,,2015082102,10,,2024-08-27T18:22:14.800Z,65cdcf2de6647386bd0b275709325a7d72ed3946,43233a46-7d75-4f8c-b293-a6932c908bbf
EM-3372-WA,3372,WA,EM,2015-08-21T00:00:00.000Z,2015,Fire,WILDFIRES,False,False,True,False,2015-08-13T00:00:00.000Z,2015-09-10T00:00:00.000Z,2018-04-05T00:00:00.000Z,False,53,007,99007,Chelan (County),15065,,2015082102,10,,2024-08-27T18:22:14.800Z,03f23b9137c6203fa4f2058ec3594b10dc053746,bb10bc74-de64-4e88-9228-11a106e8b23a
EM-3372-WA,3372,WA,EM,2015-08-21T00:00:00.000Z,2015,Fire,WILDFIRES,False,False,True,False,2015-08-13T00:00:00.000Z,2015-09-10T00:00:00.000Z,2018-04-05T00:00:00.000Z,False,53,017,99017,Douglas (County),15065,,2015082102,10,,2024-08-27T18:22:14.800Z,98cf0114953a552ce39e9530540b16d3432ff227,8772fcf4-dc24-42e8-ac37-519192170346
EM-3372-WA,3372,WA,EM,2015-08-21T00:00:00.000Z,2015,Fire,WILDFIRES,False,False,True,False,2015-08-13T00:00:00.000Z,2015-09-10T00:00:00.000Z,2018-04-05T00:00:00.000Z,False,53,019,99019,Ferry (County),15065,,2015082102,10,,2024-08-27T18:22:14.800Z,df8abb0fcd0324a2087adbe278b41244ff860c80,670f513e-c65a-4caa-8ddc-8d1290c95f8a
EM-3372-WA,3372,WA,EM,2015-08-21T00:00:00.000Z,2015,Fire,WILDFIRES,False,False,True,False,2015-08-13T00:00:00.000Z,2015-09-10T00:00:00.000Z,2018-04-05T00:00:00.000Z,False,53,039,99039,Klickitat (County),15065,,2015082102,10,,2024-08-27T18:22:14.800Z,c902a1b2467181e5b984d5c7158c11cd7d773a94,79cd798e-f155-4228-b82c-05638b75ebb7
EM-3372-WA,3372,WA,EM,2015-08-21T00:00:00.000Z,2015,Fire,WILDFIRES,False,False,True,False,2015-08-13T00:00:00.000Z,2015-09-10T00:00:00.000Z,2018-04-05T00:00:00.000Z,False,53,047,99047,Okanogan (County),15065,,2015082102,10,,2024-08-27T18:22:14.800Z,d1614e52ad063c2decc834b4e3fceca336930fcc,3bba4b5c-41bc-48ca-9a47-2d3982bf27f0
EM-3372-WA,3372,WA,EM,2015-08-21T00:00:00.000Z,2015,Fire,WILDFIRES,False,False,True,False,2015-08-13T00:00:00.000Z,2015-09-10T00:00:00.000Z,2018-04-05T00:00:00.000Z,False,53,051,99051,Pend Oreille (County),15065,,2015082102,10,,2024-08-27T18:22:14.800Z,388cb3cf439d237ae90c1b46e428289f1995c105,da4adee7-88ad-41d2-ac81-0bb4d13cda14
EM-3372-WA,3372,WA,EM,2015-08-21T00:00:00.000Z,2015,Fire,WILDFIRES,False,False,True,False,2015-08-13T00:00:00.000Z,2015-09-10T00:00:00.000Z,2018-04-05T00:00:00.000Z,False,53,059,99059,Skamania (County),15065,,2015082102,10,,2024-08-27T18:22:14.800Z,b711945078c64a1a92252b2a3c7fd16660013879,0f5f3787-449c-4c65-925f-5eadb972e5a2
EM-3372-WA,3372,WA,EM,2015-08-21T00:00:00.000Z,2015,Fire,WILDFIRES,False,False,True,False,2015-08-13T00:00:00.000Z,2015-09-10T00:00:00.000Z,2018-04-05T00:00:00.000Z,False,53,063,99063,Spokane (County),15065,,2015082102,10,,2024-08-27T18:22:14.800Z,670869523afe85851d41d40cb4a3cf073f9cf1b7,e01b9731-69ec-441f-a6e4-3799ed37eccb
EM-3372-WA,3372,WA,EM,2015-08-21T00:00:00.000Z,2015,Fire,WILDFIRES,False,False,True,False,2015-08-13T00:00:00.000Z,2015-09-10T00:00:00.000Z,2018-04-05T00:00:00.000Z,False,53,065,99065,Stevens (County),15065,,2015082102,10,,2024-08-27T18:22:14.800Z,1cc58ab0b64747f39affa5f31d1f579345be57dc,0b5f03b2-215e-46a2-bc44-afb39c599386
EM-3372-WA,3372,WA,EM,2015-08-21T00:00:00.000Z,2015,Fire,WILDFIRES,False,False,True,False,2015-08-13T00:00:00.000Z,2015-09-10T00:00:00.000Z,2018-04-05T00:00:00.000Z,False,53,077,99077,Yakima (County),15065,,2015082102,10,,2024-08-27T18:22:14.800Z,6aa134410ac46117a7f215426f15cf91ca357a67,e9080080-33c6-481e-ba7b-630794eef781
EM-3371-WA,3371,WA,EM,2014-07-23T00:00:00.000Z,2014,Fire,WILDFIRES,False,False,True,False,2014-07-09T00:00:00.000Z,2014-08-05T00:00:00.000Z,2016-04-22T00:00:00.000Z,False,53,000,14240,Colville Indian Reservation,14055,,2014071703,10,,2024-08-27T18:22:14.800Z,29a38ddd7c3fdea5436590cf251cfaee91b7c0e1,68a94ff7-26d6-4509-898e-602b2bcff88c
EM-3371-WA,3371,WA,EM,2014-07-23T00:00:00.000Z,2014,Fire,WILDFIRES,False,False,True,False,2014-07-09T00:00:00.000Z,2014-08-05T00:00:00.000Z,2016-04-22T00:00:00.000Z,False,53,007,99007,Chelan (County),14055,,2014071703,10,,2024-08-27T18:22:14.800Z,6aff4a69f42a80383e1a937b6867ea87f1478ce7,980a0d6b-8c77-4f4f-ab96-12a3a420e778
EM-3371-WA,3371,WA,EM,2014-07-23T00:00:00.000Z,2014,Fire,WILDFIRES,False,False,True,False,2014-07-09T00:00:00.000Z,2014-08-05T00:00:00.000Z,2016-04-22T00:00:00.000Z,False,53,047,99047,Okanogan (County),14055,,2014071703,10,,2024-08-27T18:22:14.800Z,01d3de19b6917400ed9670be87bba17ed70ffc56,1e5d439d-7546-40a7-bc74-f28b4e25e8c5
DR-4849-WA,4849,WA,DR,2024-11-26T00:00:00.000Z,2025,Fire,WILDFIRES,False,False,True,True,2024-07-17T00:00:00.000Z,2024-08-21T00:00:00.000Z,,True,53,000,14240,Colville Indian Reservation,24186,,2024072501,10,R,2024-11-27T02:01:17.566Z,81f4d8a6767bd8e36ee6d180061827bdb0305c6d,96dd6986-8e57-40ec-884b-eebcc566b826
FM-2966-WA,2966,WA,FM,2011-09-08T00:00:00.000Z,2011,Fire,MONASTERY FIRE COMPLEX,False,False,True,False,2011-09-08T00:00:00.000Z,,2014-09-30T00:00:00.000Z,False,53,039,99039,Klickitat (County),11234,,2011090901,10,,2024-08-27T18:22:14.800Z,77c0874ea5992f94a7ac4e9860aa4c7ace82b42e,0e3e19ef-280d-4d94-b91e-ca613b1ff981
FM-2854-WA,2854,WA,FM,2010-08-27T00:00:00.000Z,2010,Fire,SLIDE CREEK WILDFIRE,False,False,True,False,2010-08-26T00:00:00.000Z,2010-08-31T00:00:00.000Z,2012-06-12T00:00:00.000Z,False,53,065,99065,Stevens (County),10093,,2010082801,10,,2024-08-27T18:22:14.800Z,5649fd8baca02a354338dc9372abfe959e5539a2,1f8bee7a-c7bc-4123-955b-dafe5401c415
FM-2848-WA,2848,WA,FM,2010-07-19T00:00:00.000Z,2010,Fire,COWICHE MILLS FIRE,False,False,True,False,2010-07-18T00:00:00.000Z,2010-07-21T00:00:00.000Z,2013-08-28T00:00:00.000Z,False,53,077,99077,Yakima (County),10084,,2010071901,10,,2024-08-27T18:22:14.800Z,acfed5284e36595d694e991184dde0fcff4b4760,89ff7ead-5888-45f6-8592-26f9a14eaaad
FM-2827-WA,2827,WA,FM,2009-08-22T00:00:00.000Z,2009,Fire,DRY CREEK FIRE COMPLEX ,False,False,True,False,2009-08-21T00:00:00.000Z,2009-08-25T00:00:00.000Z,2011-05-16T00:00:00.000Z,False,53,005,99005,Benton (County),9097,,2009082202,10,,2024-08-27T18:22:14.800Z,50640f40897801137c1c9286eceb4411c89fdd92,b5e85bc3-00bc-4ea6-bd31-7448c6078ec3
FM-2827-WA,2827,WA,FM,2009-08-22T00:00:00.000Z,2009,Fire,DRY CREEK FIRE COMPLEX ,False,False,True,False,2009-08-21T00:00:00.000Z,2009-08-25T00:00:00.000Z,2011-05-16T00:00:00.000Z,False,53,077,99077,Yakima (County),9097,,2009082202,10,,2024-08-27T18:22:14.800Z,48338b47e1be0e6666ac1f9b6d1ce018cb7f95d1,8b694642-13cc-4fcd-99b3-1a96c51b9758
FM-2826-WA,2826,WA,FM,2009-08-22T00:00:00.000Z,2009,Fire,ODEN ROAD FIRE,False,False,True,False,2009-08-21T00:00:00.000Z,2009-08-26T00:00:00.000Z,2011-05-16T00:00:00.000Z,False,53,047,99047,Okanogan (County),9096,,2009082201,10,,2024-08-27T18:22:14.800Z,2b967782e79ccbd3e3e0cf9ac5a97f1e6bcd7f67,25058f86-dfe3-4e2e-b62c-890f8f0e5f2f
FM-2823-WA,2823,WA,FM,2009-07-29T00:00:00.000Z,2009,Fire,UNION VALLEY FIRE,False,False,True,False,2009-07-28T00:00:00.000Z,2009-08-02T00:00:00.000Z,2011-05-16T00:00:00.000Z,False,53,007,99007,Chelan (County),9094,,2009072901,10,,2024-08-27T18:22:14.800Z,8bdcbf3578f92a1f91bcb0d75f821593ea146bf4,cb21bc73-6f3f-48df-b137-5d051a5a1690
FM-2784-WA,2784,WA,FM,2008-07-11T00:00:00.000Z,2008,Fire,BADGER MOUNTAIN FIRE COMPLEX,False,False,True,False,2008-07-10T00:00:00.000Z,2008-07-18T00:00:00.000Z,2011-01-10T00:00:00.000Z,False,53,017,99017,Douglas (County),8118,,2008071102,10,,2024-08-27T18:22:14.800Z,2c72d95cfff0a8cc0b288e651276cab73612e0d2,c026fc1b-c9b2-43e3-a012-e48bcfc79fa4
FM-2783-WA,2783,WA,FM,2008-07-11T00:00:00.000Z,2008,Fire,SPOKANE VALLEY FIRE,False,False,True,False,2008-07-10T00:00:00.000Z,2008-07-19T00:00:00.000Z,2011-01-10T00:00:00.000Z,False,53,063,99063,Spokane (County),8120,,2008071101,10,,2024-08-27T18:22:14.800Z,b99653a8291715dc6ae8bd7b09539fcb37465a95,806ee1d3-a604-4a42-bc7e-e614eca0c8e3
FM-2731-WA,2731,WA,FM,2007-09-21T00:00:00.000Z,2007,Fire,BROUGHTON FIRE,False,False,True,False,2007-09-20T00:00:00.000Z,2007-09-23T00:00:00.000Z,2008-12-31T00:00:00.000Z,False,53,059,99059,Skamania (County),7912,,2007092101,10,,2024-08-27T18:22:14.800Z,3edf39239e714a4bdc21c59e82424c5ee996a82f,79879e52-1325-424f-a49a-c4d57de2729a
FM-2714-WA,2714,WA,FM,2007-07-16T00:00:00.000Z,2007,Fire,TUNK GRADE FIRE,False,False,True,False,2007-07-16T00:00:00.000Z,2007-07-20T00:00:00.000Z,2008-12-31T00:00:00.000Z,False,53,047,99047,Okanogan (County),7880,,2007080302,10,,2024-08-27T18:22:14.800Z,8e9d315fcaf2a830b24fe22bb08c2c3885778eff,783fe25c-8a6d-4c34-994e-ee7873befb3d
FM-2711-WA,2711,WA,FM,2007-07-08T00:00:00.000Z,2007,Fire,EASY STREET FIRE,False,False,True,False,2007-07-08T00:00:00.000Z,2007-07-10T00:00:00.000Z,2008-12-31T00:00:00.000Z,False,53,007,99007,Chelan (County),7879,,2007070805,10,,2024-08-27T18:22:14.800Z,49a3d5156b25acdd98c54c98f2a0d75fb283d7b0,b9b33a72-fa65-4cd1-94c9-f64dbc4a82ea
FM-2674-WA,2674,WA,FM,2006-09-11T00:00:00.000Z,2006,Fire,FLICK CREEK FIRE,False,False,True,False,2006-09-09T00:00:00.000Z,2006-09-16T00:00:00.000Z,2008-03-24T00:00:00.000Z,False,53,007,99007,Chelan (County),6154,,2006091101,10,,2024-08-27T18:22:14.800Z,339a2ed0b3df499e2d67706f60859d9b0a84f1bc,5559de33-095b-47aa-a849-3f3140298193
FM-2668-WA,2668,WA,FM,2006-08-22T00:00:00.000Z,2006,Fire,COLUMBIA FIRE COMPLEX,False,False,True,False,2006-08-21T00:00:00.000Z,2006-09-12T00:00:00.000Z,2008-03-24T00:00:00.000Z,False,53,013,99013,Columbia (County),6141,,2006082202,10,,2024-08-27T18:22:14.800Z,c9b0d8c9015cae266b7598c9e9f707f29c237e07,83ec3f25-0805-4b65-a84b-68f32f54b2df
FM-2668-WA,2668,WA,FM,2006-08-22T00:00:00.000Z,2006,Fire,COLUMBIA FIRE COMPLEX,False,False,True,False,2006-08-21T00:00:00.000Z,2006-09-12T00:00:00.000Z,2008-03-24T00:00:00.000Z,False,53,071,99071,Walla Walla (County),6141,,2006082202,10,,2024-08-27T18:22:14.800Z,1850ad32b59ddb3e20d90598c93904ccd380debb,d5d499eb-d84e-4b16-bd41-d803e23c9959
FM-2663-WA,2663,WA,FM,2006-08-08T00:00:00.000Z,2006,Fire,VALLEY MILL FIRE,False,False,True,False,2006-08-08T00:00:00.000Z,2006-08-11T00:00:00.000Z,2008-03-24T00:00:00.000Z,False,53,065,99065,Stevens (County),6134,,2006080901,10,,2024-08-27T18:22:14.800Z,38da439be729892e68d4029988e32ea575ced9fa,26111908-8fb2-4c5b-857e-7857f0b37107
FM-2575-WA,2575,WA,FM,2005-08-07T00:00:00.000Z,2005,Fire,SCHOOL FIRE,False,False,True,False,2005-08-07T00:00:00.000Z,2005-08-19T00:00:00.000Z,2007-07-25T00:00:00.000Z,False,53,013,99013,Columbia (County),5070,,2005080701,10,,2024-08-27T18:22:14.800Z,8d08461132c8094cdaf04b1562e01e3b6bb0c847,94c9c6f4-ef5c-4c7e-854b-d5c44cc42aed
FM-2575-WA,2575,WA,FM,2005-08-07T00:00:00.000Z,2005,Fire,SCHOOL FIRE,False,False,True,False,2005-08-07T00:00:00.000Z,2005-08-19T00:00:00.000Z,2007-07-25T00:00:00.000Z,False,53,023,99023,Garfield (County),5070,,2005080701,10,,2024-08-27T18:22:14.800Z,1e9d67ce70b2539ac3b60d113fdb34e9c62d5697,0383a8bf-2a8a-4eb3-bd14-49921cbc8601
FM-2572-WA,2572,WA,FM,2005-08-01T00:00:00.000Z,2005,Fire,DIRTY FACE FIRE,False,False,True,False,2005-07-31T00:00:00.000Z,2005-08-08T00:00:00.000Z,2007-07-25T00:00:00.000Z,False,53,007,99007,Chelan (County),5066,,2005080201,10,,2024-08-27T18:22:14.800Z,d4570a9b75ae7f7fb80a088fa661f39ee39e92e3,8417b05c-57ca-47ec-9664-7bf019c81c59
FM-2546-WA,2546,WA,FM,2004-08-12T00:00:00.000Z,2004,Fire,MUD LAKE FIRE,False,False,True,False,2004-08-12T00:00:00.000Z,2004-08-16T00:00:00.000Z,2006-09-06T00:00:00.000Z,False,53,077,99077,Yakima (County),4079,,2004081204,10,,2024-08-27T18:22:14.800Z,12d88c57a0dc07b1fc9456dde6757252a9bba12b,8546c076-d974-46d3-a43c-24febca19d3c
FM-2543-WA,2543,WA,FM,2004-08-11T00:00:00.000Z,2004,Fire,WA-FISCHER WILDFIRE-08-11-2004,False,False,True,False,2004-08-11T00:00:00.000Z,2004-08-26T00:00:00.000Z,2006-11-07T00:00:00.000Z,False,53,007,99007,Chelan (County),4084,,2004081201,10,,2024-08-27T18:22:14.800Z,151230bf6adfdf0f2a6607fa81d25b40ba165728,1b80396d-44b7-4ee9-a6d3-083164c0bf47
FM-2538-WA,2538,WA,FM,2004-07-30T00:00:00.000Z,2004,Fire,ELK HEIGHTS FIRE,False,False,True,False,2004-07-30T00:00:00.000Z,2004-08-04T00:00:00.000Z,2006-09-06T00:00:00.000Z,False,53,037,99037,Kittitas (County),4074,,2004073101,10,,2024-08-27T18:22:14.800Z,9b2647731d3ea971a99d18b243dc7351e54e71ad,0a00d4b1-2ef2-41dd-b6ed-9ed7536e6427
FM-2537-WA,2537,WA,FM,2004-07-30T00:00:00.000Z,2004,Fire,DEEP HARBOR FIRE,False,False,True,False,2004-07-30T00:00:00.000Z,2004-08-05T00:00:00.000Z,2006-01-26T00:00:00.000Z,False,53,007,99007,Chelan (County),4073,,2004073001,10,,2024-08-27T18:22:14.800Z,493984619711a978c68e1503dc20e4404837fac0,869bc9ca-7b0c-41e3-871a-0d0bf29d9665
FM-2527-WA,2527,WA,FM,2004-07-06T00:00:00.000Z,2004,Fire,WA-BEEBE FIRE-07-04-2004,False,False,True,False,2004-07-05T00:00:00.000Z,2004-07-09T00:00:00.000Z,2006-09-05T00:00:00.000Z,False,53,017,99017,Douglas (County),4058,,2004070501,10,,2024-08-27T18:22:14.800Z,70efb3ace4832ac7b2f1478d8799b9475679ba0b,b066dd5e-20ba-4e64-b8bc-309071a4d899
FM-2498-WA,2498,WA,FM,2003-09-06T00:00:00.000Z,2003,Fire,WA-NEEDLE FIRE-09-06-2003,False,False,True,False,2003-09-05T00:00:00.000Z,2003-09-17T00:00:00.000Z,2005-03-03T00:00:00.000Z,False,53,047,99047,Okanogan (County),3108,,2003090603,10,,2024-08-27T18:22:14.800Z,d7e5f035da7eb3a7cc0d48aa67798ff346118da9,b4434287-ea9d-4b51-8257-5e3a129be8ca
FM-2481-WA,2481,WA,FM,2003-07-16T00:00:00.000Z,2003,Fire,WA-OKANOGAN CITY FIRE-07-16-2003,False,False,True,False,2003-07-15T00:00:00.000Z,2003-07-18T00:00:00.000Z,2005-03-03T00:00:00.000Z,False,53,047,99047,Okanogan (County),3083,,2003071701,10,,2024-08-27T18:22:14.800Z,db2b178b38f3a1c726bbf600a7c35b4df315db00,4d55d1d8-14e4-401c-9423-92edd2b2b765
FM-2477-WA,2477,WA,FM,2003-07-12T00:00:00.000Z,2003,Fire,WA-MIDDLE FORK FIRE-07-12-2003,False,False,True,False,2003-07-11T00:00:00.000Z,2003-07-19T00:00:00.000Z,2005-03-03T00:00:00.000Z,False,53,077,99077,Yakima (County),3084,,2003071201,10,,2024-08-27T18:22:14.800Z,37deb77d01d6585a36718552bb4c562c813c2061,28cbb6f1-1d06-4880-8952-767ab52124dc
FM-2451-WA,2451,WA,FM,2002-07-25T00:00:00.000Z,2002,Fire,WA - PICKENS FIRE - 07/24/02,False,False,True,False,2002-07-24T00:00:00.000Z,2002-07-26T00:00:00.000Z,2005-01-21T00:00:00.000Z,False,53,047,99047,Okanogan (County),2113,,2002072501,10,,2024-08-27T18:22:14.800Z,32410a4af6e7c90f9624480eb88a3aee3742a1c2,4261b806-70dc-4532-b2a6-c0fc60360a50
FM-2449-WA,2449,WA,FM,2002-07-20T00:00:00.000Z,2002,Fire,WA - DEER POINT FIRE - 07/20/02,False,False,True,False,2002-07-20T00:00:00.000Z,2002-07-27T00:00:00.000Z,2005-01-21T00:00:00.000Z,False,53,007,99007,Chelan (County),2112,,2002072001,10,,2024-08-27T18:22:14.800Z,7c3b0a73d329d82d4d5e3abd04d443d04f56dabf,3192fd5b-4929-49e9-bd0c-d63cf146c7c1
FM-2379-WA,2379,WA,FM,2001-08-17T00:00:00.000Z,2001,Fire,WA - REX CREEK FIRE COMPLEX - 2379,False,False,True,False,2001-08-13T00:00:00.000Z,2001-08-31T00:00:00.000Z,2004-06-30T00:00:00.000Z,False,53,007,99007,Chelan (County),2011,,2002011007,10,,2024-08-27T18:22:14.800Z,12d6de9187ce14dd205bd82f537606c369a6aa3b,aea34f71-46ed-4fef-8145-1bf5b6606b74
FM-2378-WA,2378,WA,FM,2001-08-17T00:00:00.000Z,2001,Fire,WA - MT LEONA FIRE COMPLEX - 2378,False,False,True,False,2001-08-16T00:00:00.000Z,2001-08-25T00:00:00.000Z,2004-06-30T00:00:00.000Z,False,53,019,99019,Ferry (County),2012,,2002011006,10,,2024-08-27T18:22:14.800Z,af64ece1a4c3ec79f993aef76749d5e1f050a43c,4c7da2a5-599e-44c6-9ea3-933676c9fdd5
FM-2377-WA,2377,WA,FM,2001-08-16T00:00:00.000Z,2001,Fire,WA SPRUCE DOME FIRE COMPLEX 2377,False,False,True,False,2001-08-15T00:00:00.000Z,2001-08-23T00:00:00.000Z,2004-06-30T00:00:00.000Z,False,53,077,99077,Yakima (County),2010,,2002011005,10,,2024-08-27T18:22:14.800Z,49b58729207d5639c96ebd503afeaf51c92c7ad9,b34e29f8-a4fc-41ec-95ad-8a6434f18c2b
FM-2376-WA,2376,WA,FM,2001-08-16T00:00:00.000Z,2001,Fire,WA TONASKET FIRE COMPLEX 2376,False,False,True,False,2001-08-14T00:00:00.000Z,2001-08-29T00:00:00.000Z,2004-06-30T00:00:00.000Z,False,53,047,99047,Okanogan (County),2009,,2002011004,10,,2024-08-27T18:22:14.800Z,61b080d5fc349143c08fae523cfd9b811b9d9e57,17f131e2-8f2c-4331-bddd-ba9724259124
FM-2374-WA,2374,WA,FM,2001-08-14T00:00:00.000Z,2001,Fire,WA - ICICLE FIRE COMPLEX - 2374,False,False,True,False,2001-08-14T00:00:00.000Z,2001-08-21T00:00:00.000Z,2004-06-30T00:00:00.000Z,False,53,007,99007,Chelan (County),2007,,2002011003,10,,2024-08-27T18:22:14.800Z,7112b3d65c8428cfec64a4b065f7afc72231cfc9,026e6073-3b9e-4f40-b7f6-473ceaed83bf
FM-2373-WA,2373,WA,FM,2001-08-14T00:00:00.000Z,2001,Fire,WA BREWSTER FIRE COMPLEX 2373,False,False,True,False,2001-08-13T00:00:00.000Z,2001-08-21T00:00:00.000Z,2004-06-30T00:00:00.000Z,False,53,047,99047,Okanogan (County),2006,,2002011001,10,,2024-08-27T18:22:14.800Z,4ef81b1a48d15293a6e6a1553eae3c58dd9b0c97,4f186692-e372-44f5-9daf-8d5ed95dc92f
FM-2372-WA,2372,WA,FM,2001-08-14T00:00:00.000Z,2001,Fire,WA - VIRGINIA LAKES COMPLEX - 2372,False,False,True,False,2001-08-13T00:00:00.000Z,2001-08-29T00:00:00.000Z,2004-06-30T00:00:00.000Z,False,53,047,99047,Okanogan (County),2005,,2002011002,10,,2024-08-27T18:22:14.800Z,0629fc0136581a780f453ac52ab005c21029b561,1e08d63c-72da-4198-9c9c-4bed92dffeba
FM-2368-WA,2368,WA,FM,2001-07-28T00:00:00.000Z,2001,Fire,WA - UNION VALLEY FIRE - 07/28/01,False,False,True,False,2001-07-28T00:00:00.000Z,2001-08-04T00:00:00.000Z,2004-06-30T00:00:00.000Z,False,53,007,99007,Chelan (County),1083,,2001072901,10,,2024-08-27T18:22:14.800Z,9747188089ed44e094d9812216a9254e88efc735,63da214f-1b0a-4013-b4ef-badc03efac2b
FM-2323-WA,2323,WA,FM,2000-08-25T00:00:00.000Z,2000,Fire,WA - MULE DRY FIRE - 2000,False,False,True,False,2000-08-23T00:00:00.000Z,2000-08-27T00:00:00.000Z,2004-06-30T00:00:00.000Z,False,53,039,99039,Klickitat (County),143,,2000083003,10,,2024-08-27T18:22:14.800Z,c2f57d3691918a6d0044b85dc3f9bcb79368405b,b5941aa6-aed8-4356-81f0-e06aaf2c6a85
FM-2323-WA,2323,WA,FM,2000-08-25T00:00:00.000Z,2000,Fire,WA - MULE DRY FIRE - 2000,False,False,True,False,2000-08-23T00:00:00.000Z,2000-08-27T00:00:00.000Z,2004-06-30T00:00:00.000Z,False,53,077,99077,Yakima (County),143,,2000083003,10,,2024-08-27T18:22:14.800Z,ff2bf7dac5b3cc541a980f687489ff49d49d8037,66c7351c-e252-495f-bf0c-e0607fc4c5d1
FM-2313-WA,2313,WA,FM,2000-07-22T00:00:00.000Z,2000,Fire,WA-WILDFIRE-07-24-2000,False,False,True,False,2000-07-22T00:00:00.000Z,,2004-06-30T00:00:00.000Z,False,53,047,99047,Okanogan (County),76,,2000072402,10,,2024-08-27T18:22:14.800Z,ed7e03934eb949fb15d55a861e2e84a2a4671056,4550c468-be51-4070-9cdc-fd37c0967030
FM-2311-WA,2311,WA,FM,2000-02-29T00:00:00.000Z,2000,Fire,TWO FORK FIRE,False,False,True,False,2000-06-28T00:00:00.000Z,,2002-02-21T00:00:00.000Z,False,53,005,99005,Benton (County),71,,2000062901,10,,2024-08-27T18:22:14.800Z,319f38c31105b9a2d77b38b61384fe24e1d138aa,47bf5116-19b7-4658-a35a-f2f524906cf9
FM-2248-WA,2248,WA,FM,1998-09-25T00:00:00.000Z,1998,Fire,TUCANNON FIRE   (COLUMBIA),False,False,True,False,1998-09-25T00:00:00.000Z,1998-09-25T00:00:00.000Z,2002-12-27T00:00:00.000Z,False,53,000,0,Statewide,98201,,98201,10,,2024-08-27T18:22:14.800Z,1e1e4a565acafd46768b4377e38d56caffbe17c8,45b444ee-e191-40c0-a571-d7e6fd1b60e9
FM-2237-WA,2237,WA,FM,1998-09-03T00:00:00.000Z,1998,Fire,BALL PARK FIRE   (COWLITZ),False,False,True,False,1998-09-03T00:00:00.000Z,1998-09-03T00:00:00.000Z,2003-05-15T00:00:00.000Z,False,53,000,0,Statewide,98184,,98184,10,,2024-08-27T18:22:14.800Z,15fcaa9ff12241e5dbc21a4207af8a548eb18c8f,b61f0d73-2da4-4db6-87c7-305140d94f98
FM-2225-WA,2225,WA,FM,1998-07-28T00:00:00.000Z,1998,Fire,WA - CLEVELAND FIRE - 07/28/98,False,False,True,False,1998-07-28T00:00:00.000Z,1998-07-31T00:00:00.000Z,2002-12-20T00:00:00.000Z,False,53,039,99039,Klickitat (County),99159,,8072800001,10,,2024-08-27T18:22:14.800Z,f554e6c3d1d2be50dd8d37b1499eb95e63cc5267,2ed59ea1-df8b-49df-8c24-e60adac935e9
FM-2194-WA,2194,WA,FM,1997-08-27T00:00:00.000Z,1997,Fire,OLYMPIA COMMAND FIRE,False,False,True,False,1997-09-26T00:00:00.000Z,1997-09-26T00:00:00.000Z,1999-07-09T00:00:00.000Z,False,53,000,0,Statewide,97076,,97076,10,,2024-08-27T18:22:14.800Z,2e52f46b70a90df816235ba2cf4176caa7f61fea,69a7818d-b94b-4220-b455-3c46d6f379fe
FM-2193-WA,2193,WA,FM,1997-08-14T00:00:00.000Z,1997,Fire,TUM TUM FIRE,False,False,True,False,1997-08-14T00:00:00.000Z,1997-08-14T00:00:00.000Z,1999-07-22T00:00:00.000Z,False,53,000,0,Statewide,97074,,97074,10,,2024-08-27T18:22:14.800Z,a5939028f0aa60baf00f8d67db7f51c4c4a7b229,f96f05a8-5452-4282-82f9-5003d7f2008c
FM-2192-WA,2192,WA,FM,1997-07-21T00:00:00.000Z,1997,Fire,BENTON CITY FIRE,False,False,True,False,1997-07-21T00:00:00.000Z,1997-07-21T00:00:00.000Z,1998-10-16T00:00:00.000Z,False,53,000,0,Statewide,97073,,97073,10,,2024-08-27T18:22:14.800Z,4ab621a8cd47c5c74a972bffb6e780266446dd88,de76ccac-3de6-4822-ba6a-46b5fd9f9da8
FM-2186-WA,2186,WA,FM,1996-08-11T00:00:00.000Z,1996,Fire,BOWIE FIRE (SPOKANE),False,False,True,False,1996-08-11T00:00:00.000Z,1996-08-11T00:00:00.000Z,1999-01-25T00:00:00.000Z,False,53,000,0,Statewide,96169,,96169,10,,2024-08-27T18:22:14.800Z,58d415732d07a2f62318a1770079af07aacb71b7,f06aca89-98dc-4a0a-9f49-94394e7fd3c9
FM-2105-WA,2105,WA,FM,1994-07-29T00:00:00.000Z,1994,Fire,WHITE SALMON FIRE,False,False,True,False,1994-07-26T00:00:00.000Z,1994-07-26T00:00:00.000Z,1995-11-22T00:00:00.000Z,False,53,000,0,Statewide,94070,,94070,10,,2024-08-27T18:22:14.800Z,09fd23a704657309d478f60dd3b9fbe6387f4e74,a0d1f15d-620a-4432-b9b9-3428eedf6de4
FM-2104-WA,2104,WA,FM,1994-07-28T00:00:00.000Z,1994,Fire,HATCHERY CREEK/ROUND MOUNTAIN FIRE COMPLEX,False,False,True,False,1994-07-26T00:00:00.000Z,1994-07-26T00:00:00.000Z,1998-06-26T00:00:00.000Z,False,53,000,0,Statewide,94069,,94069,10,,2024-08-27T18:22:14.800Z,5a972e1815ae22c654aa8f3bf560dd128518231a,962baa7a-61d8-421e-9431-b3fe1de6742c
FM-2103-WA,2103,WA,FM,1994-07-26T00:00:00.000Z,1994,Fire,TYEE WILDFIRE,False,False,True,False,1994-07-24T00:00:00.000Z,1994-07-24T00:00:00.000Z,1998-09-02T00:00:00.000Z,False,53,000,0,Statewide,94068,,94068,10,,2024-08-27T18:22:14.800Z,c4a4e3b692a297768b517f01cb204ed44f5d985e,9889c8ad-e12c-4fba-aa05-8b6b18d6ac9a
FM-2101-WA,2101,WA,FM,1994-07-11T00:00:00.000Z,1994,Fire,RIVERSIDE WILDFIRE,False,False,True,False,1994-07-11T00:00:00.000Z,1994-07-11T00:00:00.000Z,1995-06-05T00:00:00.000Z,False,53,000,0,Statewide,94062,,94062,10,,2024-08-27T18:22:14.800Z,08c5d3ae2e4bbd1fe9e8f151d2535e6142b6a4ac,ab83feaa-1767-40a4-a274-796ffd2c327b
FM-2085-WA,2085,WA,FM,1992-08-06T00:00:00.000Z,1992,Fire,SKOOKUM FIRE,False,False,True,False,1992-08-04T00:00:00.000Z,1992-08-04T00:00:00.000Z,1995-06-05T00:00:00.000Z,False,53,000,0,Statewide,92032,,92032,10,,2024-08-27T18:22:14.800Z,eda4daca9b0273eb05091a41e4c3cd3aaa13812d,9c54a23f-7cb0-4539-8d51-33730af2dd6f
FM-2079-WA,2079,WA,FM,1991-10-18T00:00:00.000Z,1992,Fire,EASTERN WASHINGTON FIRES,False,False,True,False,1991-10-16T00:00:00.000Z,1991-10-16T00:00:00.000Z,1995-06-05T00:00:00.000Z,False,53,000,0,Statewide,91046,,91046,10,,2024-08-27T18:22:14.800Z,860c793665d28dd55e75ea94b1407ba5ec32d636,3beacc42-cf15-479b-bd5f-b6636039a497
DR-922-WA,922,WA,DR,1991-11-13T00:00:00.000Z,1992,Fire,FIRES,False,True,True,False,1991-10-16T00:00:00.000Z,1991-10-24T00:00:00.000Z,1998-02-19T00:00:00.000Z,False,53,019,99019,Ferry (County),91051,,91051,10,,2024-08-27T18:22:14.800Z,e4a080176ed5a63ef302a8dbdc594f56b4861d94,9164a242-e536-4202-9663-4186c327b2f7
DR-922-WA,922,WA,DR,1991-11-13T00:00:00.000Z,1992,Fire,FIRES,False,True,True,False,1991-10-16T00:00:00.000Z,1991-10-24T00:00:00.000Z,1998-02-19T00:00:00.000Z,False,53,043,99043,Lincoln (County),91051,,91051,10,,2024-08-27T18:22:14.800Z,b9d14697c8f51ea329e4f5aed6479985a51353cb,1c82c49b-0049-4aaa-b6ee-8d29f349d9eb
DR-922-WA,922,WA,DR,1991-11-13T00:00:00.000Z,1992,Fire,FIRES,False,True,True,False,1991-10-16T00:00:00.000Z,1991-10-24T00:00:00.000Z,1998-02-19T00:00:00.000Z,False,53,051,99051,Pend Oreille (County),91051,,91051,10,,2024-08-27T18:22:14.800Z,96ae469423f8eb395e812688313bdb6b41687b4a,5382eb58-ea1c-4508-aa5d-1d5102a6af22
DR-922-WA,922,WA,DR,1991-11-13T00:00:00.000Z,1992,Fire,FIRES,False,True,True,False,1991-10-16T00:00:00.000Z,1991-10-24T00:00:00.000Z,1998-02-19T00:00:00.000Z,False,53,063,99063,Spokane (County),91051,,91051,10,,2024-08-27T18:22:14.800Z,e011ee544ac55cd0e3e85c138ac99ccda1ebbbb4,d695e0c0-5ca5-4923-be6f-865a853a2e90
DR-922-WA,922,WA,DR,1991-11-13T00:00:00.000Z,1992,Fire,FIRES,False,True,True,False,1991-10-16T00:00:00.000Z,1991-10-24T00:00:00.000Z,1998-02-19T00:00:00.000Z,False,53,065,99065,Stevens (County),91051,,91051,10,,2024-08-27T18:22:14.800Z,6084d5ba8bdcb26ceb6b820b0de51883c3f964d5,1c8f1c86-67a8-434d-83a2-cc30530578fc
DR-922-WA,922,WA,DR,1991-11-13T00:00:00.000Z,1992,Fire,FIRES,False,True,True,False,1991-10-16T00:00:00.000Z,1991-10-24T00:00:00.000Z,1998-02-19T00:00:00.000Z,False,53,075,99075,Whitman (County),91051,,91051,10,,2024-08-27T18:22:14.800Z,f1151b67d381b155aa2aa7e162302fd5abad6dca,fa2fde89-4a31-4aeb-ae4f-4e4e8c5aabf5
